Scientific Name,Common Name,Status,Date Listed,Profile Available
Acacia kingiana,,Extinct,16-Jul-00,Yes
Acianthus ledwardii,,Extinct,16-Jul-00,Yes
Amperea xiphoclada var. pedicellata,,Extinct,16-Jul-00,Yes
Amphibromus whitei,,Extinct,16-Jul-00,Yes
Caladenia brachyscapa,Short Spider-orchid,Extinct,16-Jul-00,No
Coleanthera virgata = Styphelia lanata,Hidden Coleanthera,Extinct,16-Jul-00,No
Deyeuxia lawrencei,,Extinct,16-Jul-00,Yes
Didymoglossum exiguum,,Extinct,16-Jul-00,Yes
Diuris bracteata,,Extinct,16-Jul-00,Yes
Euphrasia ruptura,subshrub,Extinct,16-Jul-00,No
Frankenia decurrens,Decurrent-leaved Frankenia,Extinct,16-Jul-00,No
Huperzia serrata,Water Tassel-fern,Extinct,16-Jul-00,No
Hymenophyllum lobbii,,Extinct,16-Jul-00,Yes
Hymenophyllum whitei,a filmy fern,Extinct,16-Jul-00,Yes
Lemmaphyllum accedens,,Extinct,16-Jul-00,Yes
Lepidium drummondii,Drummond's Lepidium,Extinct,16-Jul-00,No
Leucopogon cryptanthus,Small-flowered Leucopogon,Extinct,16-Jul-00,No
Lycopodium volubile = Pseudodiphasium volubile,,Extinct,16-Jul-00,Yes
Monogramma dareicarpa = Haplopteris dareicarpa,Grass Fern,Extinct,16-Jul-00,Yes
Musa fitzalanii,Daintree's River Banana,Extinct,16-Jul-00,Yes
Myriocephalus nudus,,Extinct,4-Jul-19,Yes
Olearia oliganthema,,Extinct,16-Jul-00,No
Opercularia acolytantha,Esperance Dog Weed,Extinct,16-Jul-00,Yes
Ozothamnus selaginoides,"Clubmoss Everlasting, Table Mountain Daisy Bush",Extinct,16-Jul-00,Yes
Paspalum batianoffii,,Extinct,16-Jul-00,Yes
Persoonia laxa,,Extinct,16-Jul-00,Yes
Persoonia prostrata,,Extinct,16-Jul-00,No
Pultenaea maidenii,Maiden's Bush-pea,Extinct,16-Jul-00,No
Senecio georgianus,Grey Groundsel,Extinct,16-Jul-00,Yes
Solanum bauerianum,Bridal Flower,Extinct,11-May-18,Yes
Tetratheca fasciculata,Cronin's Tetratheca,Extinct,16-Jul-00,Yes
Thomasia gardneri,Mt Holland Thomasia,Extinct,16-Jul-00,Yes
Tmesipteris lanceolata,,Extinct,16-Jul-00,No
Trianthema cypseleoides,,Extinct,16-Jul-00,Yes
Vanvoorstia bennettiana,Bennett's Seaweed,Extinct,16-Oct-01,No
Abutilon julianae,Norfolk Island Abutilon,Critically Endangered,25-Nov-03,Yes
Acacia atrox,Myall Creek Wattle,Critically Endangered,6-Feb-26,Yes
Acacia blayana,Blay's Wattle,Critically Endangered,15-Nov-23,Yes
Acacia cochlocarpa subsp. velutinosa,Velvety Spiral Pod Wattle,Critically Endangered,18-Aug-06,Yes
Acacia constablei,Narrabarba Wattle,Critically Endangered,31-Mar-23,Yes
Acacia dangarensis,,Critically Endangered,25-Sep-20,Yes
Acacia equisetifolia,a shrub,Critically Endangered,18-Aug-06,Yes
Acacia forsteri,Forster's Wattle,Critically Endangered,4-Sep-24,Yes
Acacia leptoneura,,Critically Endangered,24-Sep-15,Yes
Acacia lumholtzii,Girringun Wattle,Critically Endangered,6-Feb-26,Yes
Acacia prismifolia,Diels' Wattle,Critically Endangered,16-Jul-24,No
Acacia purpureopetala,Purple-flowered Wattle,Critically Endangered,24-Jan-14,Yes
Acacia unguicula,a shrub,Critically Endangered,18-Aug-06,Yes
Acanthocladium dockeri,"Spiny Everlasting, Spiny Daisy",Critically Endangered,27-Nov-06,Yes
Achyranthes arborescens,"Chaff Tree, Soft-wood",Critically Endangered,25-Nov-03,Yes
Achyranthes margaretarum,Phillip Island Chaffy Tree,Critically Endangered,25-Nov-03,Yes
Andersonia annelsii,,Critically Endangered,11-May-18,Yes
Andersonia axilliflora,Giant Andersonia,Critically Endangered,31-Mar-23,Yes
Androcalva adenothalia,,Critically Endangered,4-Jul-19,Yes
Androcalva beeronensis,,Critically Endangered,5-Sep-25,Yes
Androcalva bivillosa,Straggling Androcalva,Critically Endangered,11-May-18,Yes
Androcalva inglewoodensis,,Critically Endangered,5-Sep-25,Yes
Androcalva perkinsiana,Headland Commersonia,Critically Endangered,5-Oct-22,Yes
Anthosachne kingiana subsp. kingiana,Phillip Island Wheat Grass,Critically Endangered,25-Nov-03,Yes
Antrophyum austroqueenslandicum,"Border Ranges Lined Fern, Lamington Ox Tongue Fern",Critically Endangered,4-Nov-20,Yes
Asplenium listeri,Christmas Island Spleenwort,Critically Endangered,23-Jul-02,Yes
Asterolasia asteriscophora subsp. albiflora,White Star-bush,Critically Endangered,5-Oct-22,Yes
Asterolasia beckersii,Dungowan Starbush,Critically Endangered,2-Mar-21,Yes
Asterolasia buxifolia,,Critically Endangered,7-Sep-23,Yes
Astrotricha sp. Howe Range (D.E.Albrecht 1054),Long-leaf Star-hair,Critically Endangered,4-Sep-24,Yes
Atalaya brevialata,,Critically Endangered,14-Dec-13,No
Austrostipa jacobsiana,,Critically Endangered,15-Feb-18,Yes
Azorella macquariensis,"Macquarie Azorella, Macquarie Cushions",Critically Endangered,19-Aug-10,Yes
Backhousia tetraptera,,Critically Endangered,4-Sep-24,Yes
Banksia anatona,Cactus Dryandra,Critically Endangered,14-May-13,Yes
Banksia aurantia,Orange Dryandra,Critically Endangered,14-May-13,Yes
Banksia brownii,"Brown's Banksia, Feather-leaved Banksia",Critically Endangered,31-Mar-23,Yes
Banksia fuscobractea,Dark-bract Banksia,Critically Endangered,1-Dec-09,Yes
Banksia montana,Stirling Range Dryandra,Critically Endangered,5-Oct-22,Yes
Banksia paludosa subsp. astrolux,a banksia,Critically Endangered,4-Sep-24,Yes
Banksia serratuloides subsp. perissa,Northern Serrate Dryandra,Critically Endangered,14-May-13,Yes
Banksia vincentia,,Critically Endangered,15-Feb-18,Yes
Boehmeria australis subsp. australis = Pouzolzia australis,"Tree Nettle, Nettletree",Critically Endangered,25-Nov-03,Yes
Boronia boliviensis,,Critically Endangered,4-Sep-24,Yes
Boronia grimshawii,Grimshaw's Boronia,Critically Endangered,5-Sep-25,Yes
Boronia imlayensis,,Critically Endangered,4-Sep-24,Yes
Boronia inflexa subsp. torringtonensis,,Critically Endangered,7-Dec-21,Yes
Bossiaea fragrans,,Critically Endangered,11-May-18,Yes
Brachychiton guymeri,Blackwall Range Kurrajong,Critically Endangered,5-Mar-25,Yes
Brachychiton sp. Ormeau (L.H.Bird AQ435851),Ormeau Bottle Tree,Critically Endangered,9-Mar-13,Yes
Brachyscias verecundus,Ironstone Brachyscias,Critically Endangered,18-Aug-06,Yes
Brachyscome brownii,,Critically Endangered,16-Jul-24,Yes
Bruguiera x hainesii,Haines's Orange Mangrove,Critically Endangered,22-Feb-19,Yes
Caladenia actensis,Canberra Spider Orchid,Critically Endangered,6-Jun-05,Yes
Caladenia ancylosa,"Genoa Spider-orchid, Gippsland Spider Orchid",Critically Endangered,6-Feb-26,Yes
Caladenia anthracina,Black-tipped Spider-orchid,Critically Endangered,16-Oct-01,Yes
Caladenia attenuata,Duramana Fingers,Critically Endangered,11-May-18,Yes
Caladenia campbellii,"Thick-stem Caladenia, Thick-stem Fairy Fingers",Critically Endangered,16-Oct-01,Yes
Caladenia cremna,"Don's Spider Orchid, Beady Spider Orchid",Critically Endangered,12-Feb-10,Yes
Caladenia intuta,Ghost Spider-orchid,Critically Endangered,8-Jan-09,Yes
Caladenia lindleyana,Lindley's Spider-orchid,Critically Endangered,16-Oct-01,No
Caladenia lodgeana,Lodge's Spider-orchid,Critically Endangered,26-Feb-13,Yes
Caladenia luteola,Lemon Spider Orchid,Critically Endangered,15-Feb-18,Yes
Caladenia melanema,"Ballerina Orchid, Ballerina Spider Orchid",Critically Endangered,8-Jan-09,Yes
Caladenia pallida,"Rosy Spider Orchid, Pale Spider-orchid, Summer Spider-orchid",Critically Endangered,16-Oct-01,No
Caladenia procera,Carbunup King Spider Orchid,Critically Endangered,8-Jan-09,Yes
Caladenia pumila,Dwarf Spider-orchid,Critically Endangered,30-Sep-11,Yes
Caladenia saggicola,Sagg Spider-orchid,Critically Endangered,16-Oct-01,Yes
Caladenia sp. Kilsyth South (G.S.Lorimer 1253),Kilsyth South Spider-orchid,Critically Endangered,4-Oct-01,Yes
Caladenia sylvicola,Forest Fingers,Critically Endangered,16-Oct-01,No
Caladenia tonellii,Robust Fingers,Critically Endangered,16-Oct-01,No
Calectasia cyanea,Blue Tinsel Lily,Critically Endangered,18-Aug-06,Yes
Calectasia elegans,Elegant Tinsel Lily,Critically Endangered,6-Feb-26,Yes
Callistemon megalongensis,Megalong Valley Bottlebrush,Critically Endangered,17-Nov-15,Yes
Callistemon purpurascens,a bottlebrush,Critically Endangered,11-May-18,Yes
Callistemon wimmerensis,Wimmera Bottlebrush,Critically Endangered,31-Mar-11,Yes
Callitris oblonga subsp. corangensis,Corang Pine,Critically Endangered,31-Mar-23,Yes
Callitris oblonga subsp. parva,,Critically Endangered,6-Feb-26,Yes
Calochilus cupreus,Copper Beard Orchid,Critically Endangered,5-May-16,Yes
Calystegia affinis,,Critically Endangered,25-Nov-03,Yes
Cassinia tegulata,Avenue Cassinia,Critically Endangered,8-Jan-09,Yes
Clausena excavata,,Critically Endangered,4-Jul-19,Yes
Clematis dubia,"a creeper, Clematis",Critically Endangered,25-Nov-03,Yes
Coleus insularis,Millmerran Mint Bush,Critically Endangered,5-Sep-25,Yes
Commersonia apella,Many-flowered Commersonia,Critically Endangered,15-Feb-18,Yes
Conospermum galeatum,,Critically Endangered,11-May-18,Yes
Conospermum quadripetalum,,Critically Endangered,6-Feb-26,Yes
Conostylis setigera subsp. dasys,Boscabel Conostylis,Critically Endangered,11-Jun-09,Yes
Corunastylis ectopa,"Brindabella Midge-orchid, Ectopic Midge-orchid",Critically Endangered,6-Jun-05,Yes
Corunastylis firthii,Firth's Midge-orchid,Critically Endangered,16-Oct-01,Yes
Corunastylis insignis,"Wyong Midge Orchid 1, Variable Midge Orchid 1",Critically Endangered,19-Jul-14,Yes
Corunastylis littoralis,Tuncurry Midge Orchid,Critically Endangered,22-Feb-11,Yes
Corunastylis sp. Charmhaven (NSW 896673) = Genoplesium branwhiteorum,Wyong Midge Orchid 2,Critically Endangered,19-Jul-14,Yes
Corybas sulcatus,Grooved Helmet-orchid,Critically Endangered,26-Feb-13,Yes
Croton mamillatus,Bahrs Scrub Croton,Critically Endangered,7-Sep-23,Yes
Danhatchia copelandii,Bonville Leafless Orchid,Critically Endangered,6-Feb-26,Yes
Darwinia collina,Yellow Mountain Bell,Critically Endangered,5-Oct-22,Yes
Darwinia foetida,Muchea Bell,Critically Endangered,11-Jun-09,Yes
Dasymalla axillaris,Native Foxglove,Critically Endangered,19-Aug-10,Yes
Daviesia glossosema,Maroon-flowered Daviesia,Critically Endangered,18-Aug-06,Yes
Daviesia ovata,Broad-leaf Daviesia,Critically Endangered,11-May-18,Yes
Daviesia pseudaphylla,Stirling Range Daviesia,Critically Endangered,31-Mar-23,Yes
Decaspermum struckoilicum,Struck Oil Myrtle,Critically Endangered,20-Mar-23,Yes
Deyeuxia ramosa,Climbing Bent-grass,Critically Endangered,15-Nov-23,Yes
Diuris flavescens,"Pale Yellow Doubletail, Wingham Doubletail",Critically Endangered,24-Jan-14,Yes
Drosera oreopodion,,Critically Endangered,6-Feb-26,Yes
Duma horrida subsp. abdita,Remote Thorny Lignum,Critically Endangered,18-Aug-06,Yes
Eidothea hardeniana,Nightcap Oak,Critically Endangered,23-Jul-02,Yes
Elatostema montanum,Mountain Procris,Critically Endangered,25-Nov-03,Yes
Epacris graniticola,"Granite Heath, Mt Cameron Heath",Critically Endangered,30-Jun-09,Yes
Epacris limbata,"Bordered Heath, Border Heath",Critically Endangered,23-Jul-02,Yes
Epacris stuartii,"Southport Heath, Stuart's Heath",Critically Endangered,16-Oct-01,Yes
Eremophila glabra subsp. Scaddan (C.Turley s.n. 10/11/2005),,Critically Endangered,4-Jul-19,Yes
Eremophila koobabbiensis,"Koobabbie Eremophila, Koobabbie Poverty Bush",Critically Endangered,1-Dec-09,Yes
Eremophila rostrata,Beaked Eremophila,Critically Endangered,1-Dec-09,Yes
Eremophila sp. Narrow leaves (J.D.Start D12-150) = Eremophila subangustifolia,,Critically Endangered,11-May-18,Yes
Eucalyptus aquatica,"Mountain Swamp Gum, Broad-leaved Sallee, Broad-leaved Sally",Critically Endangered,4-Sep-24,Yes
Eucalyptus benthamii,"Camden White Gum, Nepean River Gum",Critically Endangered,4-Sep-24,Yes
Eucalyptus boliviana,"Bolivia Stringybark, Bolivia Hill Stringybark",Critically Endangered,6-Feb-26,Yes
Eucalyptus dalveenica,Dalveen Blue Box,Critically Endangered,7-Sep-23,Yes
Eucalyptus imlayensis,"Imlay Mallee, Mount Imlay Mallee",Critically Endangered,31-Mar-23,Yes
Eucalyptus morrisbyi,"Morrisby's Gum, Morrisbys Gum",Critically Endangered,31-Mar-23,Yes
Eucalyptus paliformis,Wadbilliga Ash,Critically Endangered,5-Mar-25,Yes
Eucalyptus phoenix,Brumby Mallee-gum,Critically Endangered,7-Sep-23,Yes
Eucalyptus recurva,Mongarlowe Mallee,Critically Endangered,9-Apr-15,Yes
Eucalyptus scopulorum,,Critically Endangered,5-Mar-25,Yes
"Eucalyptus sp. Cattai (Gregson s.n., 28 Aug 1954) = Eucalyptus cryptica",,Critically Endangered,11-May-18,Yes
Euphorbia norfolkiana,Norfolk Island Euphorbia,Critically Endangered,25-Nov-03,Yes
Euphrasia arguta,,Critically Endangered,19-Mar-11,Yes
Euphrasia fragosa,"Shy Eyebright, Southport Eyebright",Critically Endangered,16-Oct-01,Yes
Euphrasia gibbsiae subsp. psilantherea,Swamp Eyebright,Critically Endangered,16-Oct-01,Yes
Fontainea oraria,Coastal Fontainea,Critically Endangered,4-Jul-19,Yes
"Fontainea sp. Coffs Harbour (A.S.Benwell 341, NSW1102027)",,Critically Endangered,16-Jul-24,Yes
Galium antarcticum,Subantarctic Bedstraw,Critically Endangered,26-Feb-13,Yes
Gastrolobium argyrotrichum,Metricup Pea,Critically Endangered,11-May-18,Yes
Gastrolobium diabolophyllum,Bodallin Poison,Critically Endangered,11-Jun-09,Yes
Gastrolobium luteifolium,Yellow-leafed Gastrolobium,Critically Endangered,1-Dec-09,Yes
Gastrolobium vestitum,,Critically Endangered,11-May-18,Yes
Gentiana baeuerlenii,Baeuerlen's Gentian,Critically Endangered,6-Feb-26,Yes
Gentiana bredboensis,Bredbo Gentian,Critically Endangered,4-Jul-19,Yes
Gentiana wissmannii,New England Gentian,Critically Endangered,5-Jul-23,Yes
Grevillea brachystylis subsp. grandis,Large-flowered Short-styled Grevillea,Critically Endangered,8-Jan-09,Yes
Grevillea bracteosa subsp. howatharra,,Critically Endangered,15-Aug-17,Yes
Grevillea burrowa,Burrowa Grevillea,Critically Endangered,31-Mar-23,Yes
Grevillea caleyi,Caley's Grevillea,Critically Endangered,11-May-18,Yes
Grevillea hodgei,Coochin Hills Grevillea,Critically Endangered,8-Dec-21,Yes
Grevillea rivularis,Carrington Falls Grevillea,Critically Endangered,13-Nov-21,Yes
Grevillea scortechinii subsp. scortechinii,Black Grevillea,Critically Endangered,7-Dec-21,Yes
Grevillea sp. Gillingarra (R.J.Cranfield 4087) = Grevillea gillingarra,,Critically Endangered,11-May-18,Yes
Grevillea thelemanniana,Spider Net Grevillea,Critically Endangered,15-Feb-18,Yes
Grevillea wilkinsonii,Tumut Grevillea,Critically Endangered,13-Nov-21,Yes
Guichenotia seorsiflora,,Critically Endangered,1-Dec-09,Yes
Gyrostemon reticulatus,Net-veined Gyrostemon,Critically Endangered,18-Aug-06,Yes
Hakea dohertyi,Kowmung Hakea,Critically Endangered,15-Nov-23,Yes
Haloragis platycarpa,Broad-fruited Haloragis,Critically Endangered,18-Aug-06,Yes
Hemigenia ramosissima,Branched Hemigenia,Critically Endangered,11-Jun-09,Yes
Hibbertia abyssus,Bandalup Buttercup,Critically Endangered,7-Dec-16,Yes
Hibbertia circinata,,Critically Endangered,13-Nov-21,Yes
Hibbertia priceana,,Critically Endangered,11-Jun-09,Yes
Hibbertia puberula subsp. glabrescens,,Critically Endangered,16-Jan-09,Yes
Hibbertia sp. Toolbrunup (J.R.Wheeler 2504) = Hibbertia barrettiae,,Critically Endangered,4-Jul-19,Yes
Hibbertia spanantha,Julian's Hibbertia,Critically Endangered,7-Dec-16,Yes
Hibbertia superans,,Critically Endangered,6-Feb-26,Yes
Hibbertia tenuis,Yundi Guinea-flower,Critically Endangered,19-Aug-10,Yes
Hibbertia wheelerae,Wheeler's Buttercup,Critically Endangered,15-Nov-23,Yes
Hibiscus insularis,Phillip Island Hibiscus,Critically Endangered,25-Nov-03,Yes
Homoranthus bebo,,Critically Endangered,4-Jul-19,Yes
Homoranthus bruhlii,,Critically Endangered,13-Nov-21,Yes
Homoranthus croftianus,Bolivia Homoranthus,Critically Endangered,6-Feb-26,Yes
Homoranthus elusus,,Critically Endangered,13-Nov-21,Yes
Hybanthus cymulosus = Pigea cymulosa,Ninghan Violet,Critically Endangered,1-Dec-09,Yes
Isopogon robustus,Robust Coneflower,Critically Endangered,11-Jun-09,Yes
Kardomia prominens,,Critically Endangered,7-Dec-21,Yes
Kunzea similis subsp. similis,,Critically Endangered,11-May-18,Yes
Lambertia fairallii,Fairall's Honeysuckle,Critically Endangered,7-Sep-23,Yes
Lasiopetalum sp. Mount Caroline (S.D.Hopper SDH 6381) = Lasiopetalum moullean,,Critically Endangered,4-Jul-19,Yes
Lasiopetalum sp. Proston (J.A.Baker 17),Proston Lasiopetalum,Critically Endangered,12-Feb-10,Yes
Latrobea colophon = Latrobea colophona,,Critically Endangered,11-May-18,Yes
Leichhardtia araujacea,,Critically Endangered,15-Mar-23,Yes
Leionema ceratogynum,,Critically Endangered,4-Sep-24,Yes
Leionema lamprophyllum subsp. fractum,,Critically Endangered,13-Nov-21,Yes
Leionema westonii,,Critically Endangered,20-Mar-23,Yes
Lenwebbia sp. Main Range (P.R.Sharpe+ 4877),,Critically Endangered,22-Apr-22,Yes
Lepidium ginninderrense,Ginninderra Peppercress,Critically Endangered,4-Sep-24,Yes
Lepidorrhachis mooreana,"Little Mountain Palm, Moorei Palm",Critically Endangered,26-Jun-15,Yes
Leptospermum benwellii,,Critically Endangered,4-Sep-24,Yes
Leptospermum crassifolium,,Critically Endangered,6-Feb-26,Yes
Leptospermum jingera,Stringybark Tea-tree,Critically Endangered,7-Sep-23,Yes
Leptospermum petraeum,,Critically Endangered,4-Sep-24,Yes
Leucopogon gnaphalioides,Stirling Range Beard Heath,Critically Endangered,31-Mar-23,Yes
"Leucopogon sp. Flynn (F.Hort, J.Hort & A.Lowrie 859) = Styphelia capillaris",,Critically Endangered,11-May-18,Yes
Leucopogon spectabilis,Ironstone Beard-heath,Critically Endangered,19-Aug-10,Yes
Lobelia claviflora,,Critically Endangered,20-Mar-23,Yes
Lomatia tasmanica,King's Lomatia,Critically Endangered,16-Oct-01,Yes
Lysiosepalum abollatum,Woolly Lysiosepalum,Critically Endangered,14-May-13,No
Melichrus gibberagee,Narrow-leaf Melichrus,Critically Endangered,4-Sep-24,Yes
Melicytus latifolius,Norfolk Island Mahoe,Critically Endangered,25-Nov-03,No
Meryta latifolia,"Shade Tree, Broad-leaved Meryta",Critically Endangered,25-Nov-03,Yes
Mitrantia bilocularis,,Critically Endangered,20-Mar-23,Yes
Myoporum obscurum,"Popwood, Sandalwood",Critically Endangered,25-Nov-03,No
Nematoceras dienemum = Corybas dienemus,Windswept Helmet-orchid,Critically Endangered,12-Feb-10,Yes
Nematolepis frondosa,Leafy Nematolepis,Critically Endangered,31-Mar-23,Yes
Nematolepis rhytidophylla,,Critically Endangered,5-Mar-25,Yes
Nitella parooensis,a green alga,Critically Endangered,11-Dec-20,Yes
Notelaea ipsviciensis,Cooneana Olive,Critically Endangered,16-Jan-09,Yes
Oberonia attenuata,Mossman Fairy Orchid,Critically Endangered,30-Apr-16,Yes
Paragoodia crenulata,,Critically Endangered,14-May-13,No
Persoonia micranthera,Small-flowered Snottygobble,Critically Endangered,7-Sep-23,Yes
Persoonia pauciflora,North Rothbury Persoonia,Critically Endangered,8-Jul-05,Yes
Phebalium daviesii,"Davies' Waxflower, St Helens Waxflower",Critically Endangered,16-Oct-01,Yes
Phebalium speciosum,,Critically Endangered,4-Jul-19,Yes
Pherosphaera fitzgeraldii,Dwarf Mountain Pine,Critically Endangered,5-Mar-25,Yes
Philotheca falcata,Sickle-leaved Waxflower,Critically Endangered,30-Sep-11,Yes
Phlegmariurus squarrosus,"Rock Tassel-fern, Water Tassel-fern",Critically Endangered,25-Jan-14,Yes
Phreatia limenophylax = Plexaure limenophylax,Norfolk Island Phreatia,Critically Endangered,25-Nov-03,Yes
Pimelea bracteata,,Critically Endangered,7-Dec-21,Yes
Pimelea cremnophila,,Critically Endangered,2-Mar-21,Yes
Pimelea spinescens subsp. pubiflora,Wimmera Rice-flower,Critically Endangered,10-Jun-09,Yes
Pimelea spinescens subsp. spinescens,"Plains Rice-flower, Spiny Rice-flower, Prickly Pimelea",Critically Endangered,1-May-03,Yes
Pittosporum kororoense,Big Banana Pittosporum,Critically Endangered,6-Feb-26,Yes
Plinthanthesis rodwayi,Budawangs Wallaby-grass,Critically Endangered,3-Mar-21,Yes
Pneumatopteris truncata,fern,Critically Endangered,6-Jul-04,Yes
Pomaderris delicata,,Critically Endangered,11-May-18,Yes
Pomaderris gilmourii var. cana,Grey Deua Pomaderris,Critically Endangered,5-Oct-22,Yes
Pomaderris reperta,Denman Pomaderris,Critically Endangered,8-Jan-08,Yes
Pomaderris sericea,Bent Pomaderris,Critically Endangered,4-Sep-24,Yes
Pomaderris vacciniifolia,Round-leaf Pomaderris,Critically Endangered,24-Jan-14,Yes
Pomaderris walshii,Carrington Falls Pomaderris,Critically Endangered,25-Sep-20,Yes
Prasophyllum atratum,Three Hummock Leek-orchid,Critically Endangered,13-Nov-09,Yes
Prasophyllum bagoense,Bago Leek-orchid,Critically Endangered,3-May-12,Yes
Prasophyllum castaneum,Chestnut Leek-orchid,Critically Endangered,16-Oct-01,No
Prasophyllum favonium,Western Leek-orchid,Critically Endangered,16-Oct-01,Yes
Prasophyllum incorrectum,Golfers Leek-orchid,Critically Endangered,26-Nov-08,Yes
Prasophyllum innubum,Brandy Marys Leek-orchid,Critically Endangered,24-Jan-14,Yes
Prasophyllum keltonii,Kelton's Leek-orchid,Critically Endangered,24-Jan-14,Yes
Prasophyllum laxum,Lax Leek Orchid,Critically Endangered,9-Apr-15,Yes
Prasophyllum limnetes,Marsh Leek-orchid,Critically Endangered,13-Nov-09,Yes
Prasophyllum litorale = Prasophyllum littorale,Coastal Leek Orchid,Critically Endangered,5-Oct-22,Yes
Prasophyllum milfordense,Milford Leek-orchid,Critically Endangered,16-Oct-01,Yes
Prasophyllum murfetii,Fleurieu Leek Orchid,Critically Endangered,27-Nov-06,Yes
Prasophyllum olidum,Pungent Leek-orchid,Critically Endangered,16-Oct-01,Yes
Prasophyllum perangustum,Knocklofty Leek-orchid,Critically Endangered,16-Oct-01,No
Prasophyllum pulchellum,Pretty Leek-orchid,Critically Endangered,16-Oct-01,Yes
Prasophyllum robustum,Robust Leek-orchid,Critically Endangered,16-Oct-01,No
Prasophyllum sp. Wybong (C.Phelps ORG 5269),a leek-orchid,Critically Endangered,13-Nov-09,No
Prasophyllum stellatum,Ben Lomond Leek-orchid,Critically Endangered,16-Oct-01,No
Prasophyllum taphanyx,Graveside Leek-orchid,Critically Endangered,26-Nov-08,Yes
Prasophyllum uvidulum,Shelley Leek Orchid,Critically Endangered,15-Nov-23,Yes
Prostanthera albohirta,,Critically Endangered,17-Apr-14,No
Prostanthera clotteniana,,Critically Endangered,30-Sep-11,Yes
Prostanthera gilesii,,Critically Endangered,13-Nov-21,Yes
Prostanthera marifolia,Seaforth Mintbush,Critically Endangered,30-Sep-11,Yes
Prostanthera palustris,Swamp Mint-bush,Critically Endangered,7-Sep-23,Yes
Prostanthera sp. Rowleys Creek (L.M.Copeland 4288),,Critically Endangered,6-Feb-26,Yes
Prostanthera staurophylla,a mint-bush,Critically Endangered,3-Mar-21,Yes
Pterostylis bryophila,Hindmarsh Valley Greenhood,Critically Endangered,27-Nov-06,Yes
Pterostylis commutata,Midland Greenhood,Critically Endangered,16-Oct-01,Yes
Pterostylis oreophila,"Blue-tongued Orchid, Kiandra Greenhood",Critically Endangered,3-May-12,Yes
Pterostylis psammophila,Two-bristle Greenhood,Critically Endangered,5-May-16,Yes
Pterostylis valida,Robust Greenhood,Critically Endangered,30-Sep-11,Yes
Pterostylis vernalis,Halbury Rustyhood,Critically Endangered,12-Feb-10,Yes
Pterostylis wapstrarum,Fleshy Greenhood,Critically Endangered,16-Oct-01,Yes
Ptilotus pyramidatus,Pyramid Mulla-mulla,Critically Endangered,12-Dec-13,Yes
Pultenaea insularis,Beyeria Bush-pea,Critically Endangered,6-Feb-26,Yes
Pultenaea sp. Genowlan Point (NSW 417813) = Pultenaea praecipua subsp. praecipua,"Genowlan Point Pultenaea, Genowlan Pultenaea",Critically Endangered,15-Dec-04,Yes
Reedia spathacea,Reedia,Critically Endangered,7-Jan-09,Yes
Rhizanthella gardneri,"Western Underground Orchid, Underground Orchid",Critically Endangered,25-Sep-20,Yes
Rhizanthella johnstonii,South Coast Underground Orchid,Critically Endangered,25-Sep-20,Yes
Rhodamnia angustifolia,Narrow-leaved Malletwood,Critically Endangered,20-Mar-23,Yes
Rhodamnia longisepala,,Critically Endangered,20-Mar-23,Yes
Rhodamnia maideniana,Smooth Scrub Turpentine,Critically Endangered,20-Mar-23,Yes
Rhodamnia rubescens,"Scrub Turpentine, Brown Malletwood",Critically Endangered,11-Dec-20,Yes
Rhodomyrtus psidioides,Native Guava,Critically Endangered,12-Dec-20,Yes
Sannantha whitei,,Critically Endangered,16-Jul-24,Yes
Scaevola macrophylla,Large-flowered Scaevola,Critically Endangered,19-Aug-10,Yes
Seringia exastia,Fringed Fire-bush,Critically Endangered,24-Dec-09,Yes
Solanum orgadophilum,Capella Potato Bush,Critically Endangered,8-Dec-21,Yes
Sphaerolobium acanthos,Grampians Globe-pea,Critically Endangered,7-Dec-16,Yes
Spyridium fontis-woodii,Woods Well Spyridium,Critically Endangered,6-Mar-21,Yes
Stylidium amabile,,Critically Endangered,4-Jul-19,Yes
Stylidium applanatum,Flat-leaved Triggerplant,Critically Endangered,15-Feb-18,Yes
Stylidium semaphorum,,Critically Endangered,11-May-18,Yes
Styphelia longissima,,Critically Endangered,11-May-18,Yes
Synaphea sp. Fairbridge Farm (D.Papenfus 696),Selena's Synaphea,Critically Endangered,24-Dec-09,Yes
Synaphea sp. Pinjarra (R.Davis 6578),Club-leafed Synaphea,Critically Endangered,24-Dec-09,Yes
Synaphea sp. Serpentine (G.R.Brand 103),,Critically Endangered,15-Feb-18,Yes
Tetratheca gunnii,"Shy Pinkbells, Shy Susan",Critically Endangered,16-Oct-01,Yes
Tetratheca nephelioides,,Critically Endangered,14-May-13,No
Thelymitra adorata,Wyong Sun Orchid,Critically Endangered,19-Jul-14,Yes
Thelymitra cyanapicata,"Blue Top Sun-orchid, Dark-tipped Sun-orchid",Critically Endangered,8-Jan-09,Yes
Thelymitra hygrophila,Blue Star Sun-orchid,Critically Endangered,5-May-16,Yes
Thelymitra kangaloonica,Kangaloon Sun Orchid,Critically Endangered,8-Jan-09,Yes
Thelymitra orientalis,Hoary Sun-orchid,Critically Endangered,7-Sep-23,Yes
Thelymitra variegata,Queen of Sheba,Critically Endangered,6-Feb-26,Yes
Thynninorchis nothofagicola,Myrtle Elbow Orchid,Critically Endangered,16-Oct-01,No
Veronica derwentiana subsp. homalodonta,Mount Lofty Speedwell,Critically Endangered,24-Dec-09,Yes
Verticordia apecta,"Hay River Featherflower, Scruffy Verticordia",Critically Endangered,19-Aug-10,Yes
Westringia cremnophila,Snowy River Westringia,Critically Endangered,4-Sep-24,Yes
Wikstroemia australis,Kurrajong,Critically Endangered,25-Nov-03,Yes
Wollemia nobilis,Wollemi Pine,Critically Endangered,11-May-18,Yes
Xyris exilis,Stirling Range Xyris,Critically Endangered,4-Sep-24,Yes
Zieria adenophora,Araluen Zieria,Critically Endangered,15-Nov-23,Yes
Zieria buxijugum,Box Range Zieria,Critically Endangered,25-Sep-20,Yes
Zieria exsul,Banished Stink Bush,Critically Endangered,8-Dec-21,Yes
Zieria odorifera subsp. warrabahensis,,Critically Endangered,25-Sep-20,Yes
Zieria parrisiae,Parris's Zieria,Critically Endangered,11-May-18,Yes
Acacia aprica,Blunt Wattle,Endangered,16-Jul-00,Yes
Acacia aristulata,Watheroo Wattle,Endangered,16-Jul-00,Yes
Acacia ataxiphylla subsp. magna,Large-fruited Tammin Wattle,Endangered,16-Jul-00,Yes
Acacia auratiflora,Orange-flowered Wattle,Endangered,16-Jul-00,Yes
Acacia baueri subsp. aspera,,Endangered,15-Nov-23,Yes
Acacia brachypoda,Western Wheatbelt Wattle,Endangered,16-Jul-00,Yes
Acacia chapmanii subsp. australis,,Endangered,18-Aug-06,Yes
Acacia cochlocarpa subsp. cochlocarpa,Spiral-fruited Wattle,Endangered,16-Jul-00,Yes
Acacia courtii,"Three Brothers Wattle, Brother Wattle, Northern Brother Wattle",Endangered,5-Mar-25,Yes
Acacia cretacea,Chalky Wattle,Endangered,16-Jul-00,Yes
Acacia enterocarpa,Jumping-jack Wattle,Endangered,16-Jul-00,Yes
Acacia gordonii,,Endangered,16-Jul-00,Yes
Acacia imitans,Gibson Wattle,Endangered,8-Jan-09,Yes
Acacia insolita subsp. recurva,Yornaning Wattle,Endangered,16-Jul-00,No
Acacia lanigera var. gracilipes,,Endangered,7-Sep-23,Yes
Acacia lanuginophylla,Woolly Wattle,Endangered,16-Jul-00,Yes
Acacia leptalea,Chinocup Wattle,Endangered,16-Jul-00,Yes
Acacia lobulata,Chiddarcooping Wattle,Endangered,16-Jul-00,Yes
Acacia meiantha,,Endangered,11-May-18,Yes
Acacia pharangites,Wongan Gully Wattle,Endangered,16-Jul-00,Yes
Acacia pinguifolia,"Fat-leaved Wattle, Fat-leaf Wattle",Endangered,16-Jul-00,Yes
Acacia porcata,,Endangered,16-Jul-00,Yes
Acacia pubifolia,Velvet Wattle,Endangered,6-Feb-26,Yes
Acacia pygmaea,Dwarf Rock Wattle,Endangered,16-Jul-00,Yes
Acacia recurvata,Recurved Wattle,Endangered,16-Jul-00,Yes
Acacia rhamphophylla,Kundip Wattle,Endangered,16-Jul-00,Yes
Acacia ruppii,Rupp's Wattle,Endangered,16-Jul-00,Yes
Acacia sciophanes,"Wundowlin Wattle, Ghost Wattle",Endangered,16-Jul-00,Yes
Acacia spilleriana,Spiller's Wattle,Endangered,24-Dec-09,Yes
Acacia splendens,"Splendid Wattle, Dandaragan Wattle",Endangered,16-Jul-00,Yes
Acacia subflexuosa subsp. capillata,Hairy-stemmed Zig-Zag Wattle,Endangered,16-Jul-00,Yes
Acacia terminalis subsp. terminalis MS = Acacia terminalis subsp. Eastern Sydney (G.P.Phillips 126),Sunshine Wattle (Sydney region),Endangered,16-Jul-00,Yes
Acacia vassalii,Vassal's Wattle,Endangered,16-Jul-00,Yes
Acacia volubilis,"Tangled Wattle, Tangle Wattle",Endangered,16-Jul-00,Yes
Acacia whibleyana,"Whibley Wattle, Whibley's Wattle",Endangered,16-Jul-00,Yes
Acacia wilsonii,Wilson's Wattle,Endangered,11-May-18,Yes
Acacia woodmaniorum,Woodman's Wattle,Endangered,4-Jul-19,Yes
Acronychia littoralis,Scented Acronychia,Endangered,16-Jul-00,Yes
Adenanthos dobagii,Fitzgerald Woollybush,Endangered,16-Jul-00,Yes
Adenanthos eyrei,Toolinna Adenanthos,Endangered,16-Jul-00,Yes
Adenanthos pungens subsp. effusus,Sprawling Spiky Adenanthos,Endangered,16-Jul-00,Yes
Adenanthos velutinus,Velvet Woollybush,Endangered,16-Jul-00,Yes
Alectryon ramiflorus,Isis Tamarind,Endangered,16-Jul-00,Yes
Allocasuarina defungens,Dwarf Heath Casuarina,Endangered,16-Jul-00,Yes
Allocasuarina emuina,"Emu Mountain Sheoak, Mt Emu She-oak",Endangered,16-Jul-00,Yes
Allocasuarina glareicola,,Endangered,16-Jul-00,Yes
Allocasuarina portuensis,Nielsen Park She-oak,Endangered,16-Jul-00,Yes
Allocasuarina robusta,Mount Compass Oak-bush,Endangered,27-Nov-06,Yes
Allocasuarina thalassoscopica,,Endangered,16-Jul-00,Yes
Almaleea cambagei,Torrington Pea,Endangered,15-Nov-23,Yes
Amyema plicatula,,Endangered,16-Jul-00,Yes
Andersonia gracilis,Slender Andersonia,Endangered,16-Jul-00,No
Androcalva perlaria,Pearl-like Androcalva,Endangered,4-Jul-19,Yes
Androcalva rosea,Sandy Hollow Commersonia,Endangered,8-Jan-08,Yes
Anigozanthos bicolor subsp. minor,"Little Kangaroo Paw, Two-coloured Kangaroo Paw, Small Two-colour Kangaroo Paw",Endangered,16-Jul-00,Yes
Aponogeton bullosus,,Endangered,16-Jul-00,No
Aponogeton prolifer,an aquatic herb,Endangered,16-Jul-00,No
Archontophoenix myolensis,"Myola Palm, Myola Archontophoenix",Endangered,16-Jul-00,No
Aristida granitica,,Endangered,16-Jul-00,No
Aristida thompsonii,Thompson's Wiregrass,Endangered,6-Feb-26,Yes
Asterolasia elegans,,Endangered,16-Jul-00,No
Astrotricha roddii,,Endangered,16-Jul-00,No
Astrotricha sp. Wingan Inlet (J.A.Jeanes 2268),Wingan Star-hair,Endangered,7-Sep-23,Yes
Atalaya collina,Yarwun Whitewood,Endangered,16-Jul-00,Yes
Atriplex yeelirrie,,Endangered,22-Oct-15,Yes
Austrostipa bronwenae = Austrostipa bronweniae,,Endangered,15-Feb-18,Yes
Austrostipa wakoolica,,Endangered,16-Jul-00,No
Baeckea kandos,a shrub,Endangered,16-Jul-00,Yes
Ballantinia antipoda,Southern Shepherd's Purse,Endangered,16-Jul-00,Yes
Banksia cuneata,"Matchstick Banksia, Quairading Banksia",Endangered,16-Jul-00,Yes
Banksia ionthocarpa,Kamballup Dryandra,Endangered,16-Jul-00,Yes
Banksia mimica,Summer Honeypot,Endangered,16-Jul-00,Yes
Banksia nivea subsp. uliginosa,Swamp Honeypot,Endangered,16-Jul-00,Yes
Banksia oligantha,Wagin Banksia,Endangered,16-Jul-00,Yes
Banksia penicillata,a banksia,Endangered,4-Sep-24,Yes
Banksia pseudoplumosa,False Plumed-Banksia,Endangered,8-Jan-09,Yes
Banksia rufa subsp. pumila,,Endangered,11-May-18,Yes
Barbarea australis,"Native Wintercress, Riverbed Wintercress",Endangered,24-Jan-14,Yes
Bertya granitica,a shrub,Endangered,16-Jul-00,Yes
Bertya ingramii,a shrub,Endangered,16-Jul-00,Yes
Bertya mollissima,,Endangered,31-Mar-23,Yes
Bertya sp. Clouds Creek (M.Fatemi 4),,Endangered,5-Oct-22,Yes
Bertya tasmanica subsp. tasmanica,Tasmanian Bertya,Endangered,6-Jun-05,Yes
Beyeria lepidopetala,"Small-petalled Beyeria, Short-petalled Beyeria",Endangered,16-Jul-00,Yes
Blechnum norfolkianum,Norfolk Island Water-fern,Endangered,25-Nov-03,No
Boronia capitata subsp. capitata,a shrub,Endangered,16-Jul-00,Yes
Boronia clavata,Bremer Boronia,Endangered,8-Jan-09,Yes
Boronia deanei subsp. acutifolia,,Endangered,5-Mar-25,No
Boronia deanei subsp. deanei,,Endangered,5-Mar-25,No
Boronia exilis,Scott River Boronia,Endangered,16-Jul-00,Yes
Boronia granitica,Granite Boronia,Endangered,16-Jul-00,Yes
Boronia repanda,"Repand Boronia, Border Boronia",Endangered,16-Jul-00,Yes
Boronia revoluta,Ironcap Boronia,Endangered,16-Jul-00,Yes
Boronia subulifolia,Awl-leaved Boronia,Endangered,5-Mar-25,Yes
Borya mirabilis,Grampians Pincushion-lily,Endangered,16-Jul-00,No
Bossiaea peninsularis,Sword Bossiaea,Endangered,7-Dec-16,Yes
Bossiaea sp. Frankland (E.M.Sandiford EMS 896) = Bossiaea reptans,,Endangered,4-Jul-19,Yes
Brachyscome muelleri,Corunna Daisy,Endangered,16-Jul-00,Yes
Burmannia sp. Bathurst Island (R.Fensham 1021) = Burmannia championii,,Endangered,16-Jul-00,No
Caladenia amnicola,,Endangered,16-Jul-24,Yes
Caladenia amoena,Charming Spider-orchid,Endangered,16-Jul-00,Yes
Caladenia arenaria,Sand-hill Spider-orchid,Endangered,16-Jul-00,Yes
Caladenia argocalla,White-beauty Spider-orchid,Endangered,16-Jul-00,Yes
Caladenia atroclavia,Black-clubbed Spider-orchid,Endangered,16-Jul-00,No
Caladenia audasii,"McIvor Spider-orchid, Audas' Spider-orchid",Endangered,16-Jul-00,Yes
Caladenia barbarella,"Small Dragon Orchid, Common Dragon Orchid",Endangered,1-Dec-09,Yes
Caladenia behrii,Pink-lipped Spider-orchid,Endangered,16-Jul-00,Yes
Caladenia bryceana subsp. bryceana,Dwarf Spider-orchid,Endangered,16-Jul-00,No
Caladenia busselliana,Bussell's Spider-orchid,Endangered,16-Jul-00,Yes
Caladenia caesarea subsp. maritima,Cape Spider-orchid,Endangered,16-Jul-00,Yes
Caladenia colorata,"Coloured Spider-orchid, Small Western Spider-orchid, Painted Spider-orchid",Endangered,16-Jul-00,Yes
Caladenia conferta,Coast Spider-orchid,Endangered,27-Nov-06,Yes
Caladenia dienema,Windswept Spider-orchid,Endangered,4-Mar-11,Yes
Caladenia dorrienii,Cossack Spider-orchid,Endangered,16-Jul-00,Yes
Caladenia drakeoides,Hinged Dragon Orchid,Endangered,16-Jul-00,Yes
Caladenia elegans,Elegant Spider-orchid,Endangered,16-Jul-00,Yes
Caladenia excelsa,Giant Spider-orchid,Endangered,16-Jul-00,Yes
Caladenia fulva,Tawny Spider-orchid,Endangered,16-Jul-00,Yes
Caladenia gladiolata,"Bayonet Spider-orchid, Clubbed Spider-orchid",Endangered,16-Jul-00,Yes
Caladenia graniticola,"Pingaring Spider-orchid, Granite Spider-orchid",Endangered,4-Jul-19,Yes
Caladenia granitora,,Endangered,11-May-18,Yes
Caladenia hastata,Melblom's Spider-orchid,Endangered,16-Jul-00,Yes
Caladenia hoffmanii,Hoffman's Spider-orchid,Endangered,16-Jul-00,No
Caladenia hopperiana,"Quindanning Spider Orchid, Boddington Spider Orchid",Endangered,15-Feb-18,Yes
Caladenia huegelii,"King Spider-orchid, Grand Spider-orchid, Rusty Spider-orchid",Endangered,16-Jul-00,Yes
Caladenia leucochila,Collie Spider Orchid,Endangered,11-May-18,Yes
Caladenia lowanensis,Wimmera Spider-orchid,Endangered,16-Jul-00,Yes
Caladenia macroclavia,Large-club Spider-orchid,Endangered,16-Jul-00,Yes
Caladenia orientalis,Eastern Spider Orchid,Endangered,16-Jul-00,Yes
Caladenia ovata,Kangaroo Island Spider-orchid,Endangered,5-Mar-25,Yes
Caladenia richardsiorum,Little Dip Spider-orchid,Endangered,16-Jul-00,Yes
Caladenia rigida,Stiff White Spider-orchid,Endangered,16-Jul-00,Yes
Caladenia robinsonii,Frankston Spider-orchid,Endangered,16-Jul-00,Yes
Caladenia rosella,"Rosella Spider-orchid, Little Pink Spider-orchid",Endangered,16-Jul-00,Yes
Caladenia tensa,"Greencomb Spider-orchid, Rigid Spider-orchid",Endangered,16-Jul-00,Yes
Caladenia thysanochila,Fringed Spider-orchid,Endangered,16-Jul-00,Yes
Caladenia viridescens,Dunsborough Spider-orchid,Endangered,16-Jul-00,Yes
Caladenia williamsiae,Williams Spider Orchid,Endangered,18-Aug-06,Yes
Caladenia winfieldii,Majestic Spider-orchid,Endangered,16-Jul-00,No
Caladenia xanthochila,Yellow-lip Spider-orchid,Endangered,16-Jul-00,Yes
Caladenia xantholeuca,"White Rabbits, Flinders Ranges White Caladenia",Endangered,16-Jul-00,No
Callitris oblonga subsp. oblonga,South Esk Pine,Endangered,16-Jul-00,No
Calochilus psednus,Cardwell Beard Orchid,Endangered,16-Jul-00,No
Calochilus pulchellus,"Pretty Beard Orchid, Pretty Beard-orchid",Endangered,5-Oct-22,Yes
Calochilus richiae,Bald-tip Beard-orchid,Endangered,16-Jul-00,No
Calotis moorei,Moore's Burr-daisy,Endangered,16-Jul-00,Yes
Calytrix breviseta subsp. breviseta,Swamp Starflower,Endangered,16-Jul-00,Yes
Carronia pedicellata,,Endangered,16-Jul-00,No
Cassinia heleniae,,Endangered,7-Sep-23,Yes
Cassinia theodorii,Kaputar Cassinia,Endangered,5-Mar-25,Yes
Centrolepis pedderensis,"Pedder Centrolepis, Pedder Bristlewort",Endangered,26-Nov-08,Yes
Chamelaucium sp. Gingin (N.G.Marchant 6) = Chamelaucium lullfitzii,Gingin Wax,Endangered,16-Jul-00,Yes
Chiloglottis anaticeps,Duck's-head Wasp-orchid,Endangered,5-Oct-22,Yes
Chingia australis,,Endangered,16-Jul-00,Yes
Chordifex abortivus,Manypeaks Rush,Endangered,16-Jul-00,No
Choretrum spicatum subsp. spicatum,Spiked Sour-bush,Endangered,7-Sep-23,Yes
Chorizema humile,Prostrate Flame Pea,Endangered,16-Jul-00,No
Chorizema varium,Limestone Pea,Endangered,16-Jul-00,No
Commersonia erythrogyna,Trigwell's Rulingia,Endangered,16-Jul-00,Yes
Commersonia prostrata,Dwarf Kerrawang,Endangered,16-Jul-00,Yes
Conospermum densiflorum subsp. unicephalatum,One-headed Smokebush,Endangered,16-Jul-00,Yes
Conostylis dielsii subsp. teres,Irwin's Conostylis,Endangered,16-Jul-00,Yes
Conostylis drummondii,Drummond's Conostylis,Endangered,16-Jul-00,Yes
Conostylis lepidospermoides,Sedge Conostylis,Endangered,16-Jul-00,Yes
Conostylis micrantha,Small-flowered Conostylis,Endangered,16-Jul-00,Yes
Conostylis misera,Grass Conostylis,Endangered,16-Jul-00,Yes
Conostylis seorsiflora subsp. trichophylla,Hairy Mat Conostylis,Endangered,16-Jul-00,Yes
Conostylis wonganensis,Wongan Conostylis,Endangered,16-Jul-00,Yes
Coopernookia georgei,Mauve Coopernookia,Endangered,16-Jul-00,No
Coprosma baueri,Coastal Coprosma,Endangered,25-Nov-03,No
Coprosma pilosa,Mountain Coprosma,Endangered,25-Nov-03,No
Corchorus cunninghamii,Native Jute,Endangered,16-Jul-00,Yes
Corokia whiteana,,Endangered,5-Oct-22,Yes
Correa eburnea,Deep Creek Correa,Endangered,24-Jan-14,Yes
Correa lawrenceana var. genoensis,Genoa River Correa,Endangered,16-Jul-00,Yes
Corunastylis brachystachya,"Short-spiked Midge-orchid, Rocky Cape Midge Orchid",Endangered,16-Jul-00,Yes
Cossinia australiana,Cossinia,Endangered,16-Jul-00,No
Craspedia preminghana,Preminghana Billybutton,Endangered,6-Jul-04,Yes
Crepidium lawleri = Dienia lawleri,,Endangered,16-Jul-00,No
Cyathea exilis,a tree-fern,Endangered,16-Jul-00,No
Cycas megacarpa,,Endangered,16-Jul-00,Yes
Cycas ophiolitica,,Endangered,16-Jul-00,Yes
Cynanchum elegans,White-flowered Wax Plant,Endangered,16-Jul-00,Yes
Cyperus cephalotes,,Endangered,16-Jul-00,No
Cyphanthera scabrella,,Endangered,5-Sep-25,Yes
Daphnandra johnsonii,Illawarra Socketwood,Endangered,16-Jul-00,Yes
Darwinia acerosa,Fine-leaved Darwinia,Endangered,16-Jul-00,No
Darwinia apiculata,Scarp Darwinia,Endangered,16-Jul-00,Yes
Darwinia carnea,"Mogumber Bell, Narrogin Bell",Endangered,16-Jul-00,Yes
Darwinia chapmaniana,Chapman's Bell,Endangered,16-Jul-00,No
Darwinia ferricola,Scott River Darwinia,Endangered,16-Jul-00,No
Darwinia oxylepis,Gillam's Bell,Endangered,16-Jul-00,Yes
Darwinia polychroma,Harlequin Bell,Endangered,16-Jul-00,No
Darwinia whicherensis,Abba Bell,Endangered,16-Jul-00,Yes
Darwinia wittwerorum,Wittwer's Mountain Bell,Endangered,16-Jul-00,No
Davidsonia jerseyana,Davidson's Plum,Endangered,16-Jul-00,Yes
Davidsonia johnsonii,"Smooth Davidsonia, Smooth Davidson's Plum, Small-leaved Davidson's Plum",Endangered,16-Jul-00,Yes
Daviesia bursarioides,Three Springs Daviesia,Endangered,16-Jul-00,Yes
Daviesia cunderdin,Cunderdin Daviesia,Endangered,16-Jul-00,No
Daviesia dielsii,Diels' Daviesia,Endangered,11-Jun-09,Yes
Daviesia euphorbioides,Wongan Cactus,Endangered,16-Jul-00,No
Daviesia megacalyx,Long-sepalled Daviesia,Endangered,16-Jul-00,No
Daviesia microcarpa,Norseman Pea,Endangered,16-Jul-00,No
Daviesia obovata,Paddle-leaf Daviesia,Endangered,8-Jan-09,Yes
Daviesia speciosa,Beautiful Daviesia,Endangered,16-Jul-00,No
Dendrobium antennatum,Antelope Orchid,Endangered,16-Jul-00,Yes
Dendrobium brachypus,Norfolk Island Orchid,Endangered,25-Nov-03,No
Dendrobium mirbelianum,"Dark-stemmed Antler Orchid, Mangrove Orchid",Endangered,16-Jul-00,Yes
Dendrobium nindii,an orchid,Endangered,16-Jul-00,Yes
Denhamia megacarpa,Large-fruited Denhamia,Endangered,5-Oct-22,Yes
Deyeuxia appressa,,Endangered,16-Jul-00,No
Deyeuxia drummondii,"Drummond's Grass, Drummond Grass",Endangered,16-Jul-00,No
Deyeuxia talariata,Skirted Bent-grass,Endangered,5-Sep-25,Yes
Dianella amoena,Matted Flax-lily,Endangered,16-Jul-00,Yes
Dichanthium queenslandicum,King Blue-grass,Endangered,26-Feb-13,Yes
Dillwynia rupestris,,Endangered,6-Feb-26,Yes
Diospyros mabacea,"Red-fruited Ebony, Silky Persimmon, Ebony",Endangered,16-Jul-00,No
Diplazium pallidum,,Endangered,16-Jul-00,No
Diploglottis campbellii,Small-leaved Tamarind,Endangered,16-Jul-00,Yes
Diplolaena andrewsii,,Endangered,15-Feb-18,Yes
Dipodium campanulatum,Bell Flower Hyacinth Orchid,Endangered,21-May-15,Yes
Dipodium pictum,,Endangered,16-Jul-00,No
Diuris aequalis,Buttercup Doubletail,Endangered,2-Mar-21,Yes
Diuris basaltica,"Small Golden Moths Orchid, Early Golden Moths",Endangered,16-Jul-00,Yes
Diuris eborensis,,Endangered,11-May-18,Yes
Diuris fragrantissima,"Sunshine Diuris, Fragrant Doubletail, White Diuris",Endangered,16-Jul-00,Yes
Diuris lanceolata,Snake Orchid,Endangered,16-Jul-00,No
Diuris pedunculata,"Small Snake Orchid, Two-leaved Golden Moths, Golden Moths, Cowslip Orchid, Snake Orchid",Endangered,16-Jul-00,Yes
Diuris purdiei,Purdie's Donkey-orchid,Endangered,16-Jul-00,No
Dodonaea subglandulifera,Peep Hill Hop-bush,Endangered,16-Jul-00,Yes
Drakaea confluens,Late Hammer-orchid,Endangered,16-Jul-00,Yes
Drakaea elastica,"Glossy-leafed Hammer Orchid, Glossy-leaved Hammer Orchid, Warty Hammer Orchid",Endangered,16-Jul-00,Yes
Drakaea isolata,Lonely Hammer-orchid,Endangered,16-Jul-00,Yes
Drummondita ericoides,Morseby Range Drummondita,Endangered,16-Jul-00,Yes
Elaeocarpus miegei,,Endangered,31-Mar-22,Yes
Elaeocarpus sedentarius,Minyon Quandong,Endangered,16-Jul-00,No
Elaeocarpus williamsianus,Hairy Quandong,Endangered,16-Jul-00,Yes
Endiandra cooperana,,Endangered,16-Jul-00,No
Endiandra floydii,"Floyd's Walnut, Crystal Creek Walnut",Endangered,16-Jul-00,No
Epacris apsleyensis,Apsley Heath,Endangered,16-Jul-00,Yes
Epacris barbata,Bearded Heath,Endangered,26-Nov-08,Yes
Epacris exserta,South Esk Heath,Endangered,16-Jul-00,Yes
Epacris glabella,Smooth Heath,Endangered,16-Jul-00,Yes
Epacris grandis,Tall Heath,Endangered,16-Jul-00,Yes
Epacris hamiltonii,,Endangered,16-Jul-00,Yes
Epacris sparsa,,Endangered,4-Sep-24,Yes
Epacris virgata,Pretty Heath,Endangered,16-Jul-00,Yes
Eremochloa muricata,,Endangered,16-Jul-00,No
Eremophila ciliata,,Endangered,11-May-18,Yes
Eremophila denticulata subsp. trisulcata,Cumquat Eremophila,Endangered,16-Jul-00,Yes
Eremophila glabra subsp. chlorella,,Endangered,15-Feb-18,Yes
Eremophila lactea,Milky Emu Bush,Endangered,16-Jul-00,No
Eremophila nivea,Silky Eremophila,Endangered,16-Jul-00,No
Eremophila pinnatifida,Pinnate-leaf Eremophila,Endangered,16-Jul-00,No
Eremophila resinosa,Resinous Eremophila,Endangered,16-Jul-00,No
Eremophila scaberula,Rough Emu Bush,Endangered,16-Jul-00,No
Eremophila subteretifolia,Lake King Eremophila,Endangered,16-Jul-00,No
Eremophila ternifolia,Wongan Eremophila,Endangered,16-Jul-00,No
Eremophila verticillata,Whorled Eremophila,Endangered,16-Jul-00,No
Eremophila virens,"Campion Eremophila, Green-flowered Emu bush",Endangered,16-Jul-00,No
Eremophila viscida,Varnish Bush,Endangered,16-Jul-00,No
Eriocaulon australasicum,"Austral Pipewort, Southern Pipewort",Endangered,16-Jul-00,Yes
Eriocaulon carsonii,"Salt Pipewort, Button Grass",Endangered,16-Jul-00,Yes
Eryngium fontanum,Blue Devil,Endangered,16-Jul-00,Yes
Eucalyptus absita,Badgingarra Box,Endangered,16-Jul-00,No
Eucalyptus alligatrix subsp. limaensis,Lima Stringybark,Endangered,26-Feb-13,Yes
Eucalyptus brevipes,Mukinbudin Mallee,Endangered,16-Jul-00,No
Eucalyptus broviniensis,,Endangered,20-Mar-23,Yes
Eucalyptus burdettiana,Burdett Gum,Endangered,16-Jul-00,No
Eucalyptus canobolensis,"Silver-leaf Candlebark, Mt Canobolas Candlebark",Endangered,19-Aug-10,Yes
Eucalyptus conglomerata,Swamp Stringybark,Endangered,16-Jul-00,Yes
Eucalyptus copulans,,Endangered,16-Jul-00,Yes
Eucalyptus crenulata,"Silver Gum, Buxton Gum",Endangered,16-Jul-00,Yes
Eucalyptus crucis subsp. praecipua,Paynes Find Mallee,Endangered,16-Jul-00,Yes
Eucalyptus cuprea,Mallee Box,Endangered,16-Jul-00,No
Eucalyptus dolorosa,"Dandaragan Mallee, Mount Misery Mallee",Endangered,16-Jul-00,Yes
Eucalyptus forresterae,Brumby Sallee,Endangered,31-Mar-23,Yes
Eucalyptus gunnii subsp. divaricata,Miena Cider Gum,Endangered,1-May-03,No
Eucalyptus x impensa,Eneabba Mallee,Endangered,16-Jul-00,Yes
Eucalyptus insularis,Twin Peak Island Mallee,Endangered,16-Jul-00,Yes
Eucalyptus largeana,Craven Grey Box,Endangered,11-May-18,Yes
Eucalyptus leprophloia,"Scaly Butt Mallee, Scaly-butt Mallee",Endangered,16-Jul-00,Yes
Eucalyptus macarthurii,"Camden Woollybutt, Paddys River Box",Endangered,5-May-16,Yes
Eucalyptus nudicaulis,Mt Isa Mallee,Endangered,7-Sep-23,Yes
Eucalyptus pachycalyx subsp. banyabba,Banyabba Shiny-barked Gum,Endangered,16-Jul-00,Yes
Eucalyptus x paludicola,"Mount Compass Swamp Gum, Fleurieu Swamp Gum, Marsh Gum",Endangered,27-Nov-06,Yes
Eucalyptus pruiniramis,"Midlands Gum, Jingymia Gum",Endangered,16-Jul-00,No
Eucalyptus recta,Silver Mallet,Endangered,11-Jun-09,Yes
Eucalyptus stenostoma,Jillaga Ash,Endangered,7-Sep-23,Yes
Eucalyptus sturgissiana,Ettrema Mallee,Endangered,5-Mar-25,Yes
Eucalyptus taurina,Helidon Ironbark,Endangered,7-Sep-23,Yes
Eucalyptus x balanites,"Cadda Road Mallee, Cadda Mallee",Endangered,16-Jul-00,No
Eucalyptus x phylacis,Meelup Mallee,Endangered,16-Jul-00,Yes
Euphrasia collina subsp. muelleri,"Purple Eyebright, Mueller's Eyebright",Endangered,16-Jul-00,Yes
Euphrasia collina subsp. osbornii,Osborn's Eyebright,Endangered,16-Jul-00,Yes
Euphrasia semipicta,Peninsula Eyebright,Endangered,16-Jul-00,Yes
Euphrasia sp. Bivouac Bay (W.R.Barker 7626 et al.),"Masked Eyebright, Masked Cliff Eyebright",Endangered,16-Jul-00,Yes
Fimbristylis adjuncta,,Endangered,16-Jul-00,No
Frankenia conferta,Silky Frankenia,Endangered,1-Feb-07,No
Frankenia parvula,Short-leaved Frankenia,Endangered,18-Aug-06,Yes
Frankenia plicata,,Endangered,16-Jul-00,No
Gardenia actinocarpa,,Endangered,16-Jul-00,No
Gastrolobium glaucum,"Spike Poison, Wongan Poison",Endangered,16-Jul-00,No
Gastrolobium graniticum,Granite Poison,Endangered,16-Jul-00,No
Gastrolobium hamulosum,Hook-point Poison,Endangered,16-Jul-00,No
Gastrolobium humile,,Endangered,11-May-18,Yes
Gastrolobium papilio,Butterfly-leaved Gastrolobium,Endangered,16-Jul-00,Yes
Gaultheria viridicarpa,Green Waxberry,Endangered,25-Sep-20,Yes
Geniostoma huttonii,Hutton's Geniostoma,Endangered,26-Jun-15,Yes
Genoplesium baueri,"Yellow Gnat-orchid, Bauer's Midge Orchid, Brittle Midge Orchid",Endangered,25-Jan-14,Yes
Genoplesium plumosum = Corunastylis plumosa,"Plumed Midge-orchid, Tallong Midge Orchid",Endangered,16-Jul-00,Yes
Genoplesium rhyoliticum = Corunastylis rhyolitica,Pambula Midge-orchid,Endangered,16-Jul-00,Yes
Genoplesium tectum = Corunastylis tecta,Cardwell Midge Orchid,Endangered,16-Jul-00,Yes
Gentiana wingecarribiensis,Wingecarribee Gentian,Endangered,16-Jul-00,No
Gingidia rupicola,"Mountain Angelica, Broad-leafed Carrot",Endangered,16-Jul-00,Yes
Glyceria drummondii,Nangetty Grass,Endangered,16-Jul-00,No
Goodenia arthrotricha,,Endangered,15-Feb-18,Yes
Gossia fragrantissima,"Sweet Myrtle, Small-leaved Myrtle",Endangered,16-Jul-00,No
Gossia gonoclada,Angle-stemmed Myrtle,Endangered,16-Jul-00,Yes
Grammosolen odgersii subsp. occidentalis,"Western Woolly Cyphanthera, Western Cyphanthera",Endangered,16-Jul-00,No
Graptophyllum reticulatum,Veiny Graptophyllum,Endangered,16-Jul-00,Yes
Grevillea acanthifolia subsp. paludosa,Bog Grevillea,Endangered,16-Jul-00,No
Grevillea acropogon,,Endangered,4-Jul-19,Yes
Grevillea althoferorum,,Endangered,16-Jul-00,Yes
Grevillea batrachioides,Mt Lesueur Grevillea,Endangered,16-Jul-00,No
Grevillea beadleana,Beadle's Grevillea,Endangered,16-Jul-00,Yes
Grevillea calliantha,"Foote's Grevillea, Cataby Grevillea, Black Magic Grevillea",Endangered,16-Jul-00,Yes
Grevillea christineae,Christine's Grevillea,Endangered,16-Jul-00,No
Grevillea corrugata,a shrub,Endangered,26-Feb-13,Yes
Grevillea curviloba subsp. curviloba,Curved-leaf Grevillea,Endangered,16-Jul-00,No
Grevillea curviloba subsp. incurva,Narrow curved-leaf Grevillea,Endangered,16-Jul-00,No
Grevillea dryandroides subsp. dryandroides,Phalanx Grevillea,Endangered,16-Jul-00,No
Grevillea dryandroides subsp. hirsuta,Hairy Phalanx Grevillea,Endangered,16-Jul-00,No
Grevillea guthrieana,,Endangered,16-Jul-00,No
Grevillea humifusa,Spreading Grevillea,Endangered,16-Jul-00,No
Grevillea iaspicula,Wee Jasper Grevillea,Endangered,16-Jul-00,No
Grevillea infundibularis,Fan-leaf Grevillea,Endangered,16-Jul-00,No
Grevillea involucrata,Lake Varley Grevillea,Endangered,16-Jul-00,No
Grevillea jephcottii,"Pine Mountain Grevillea, Green Grevillea",Endangered,31-Mar-23,Yes
Grevillea maccutcheonii,McCutcheon's Grevillea,Endangered,16-Jul-00,Yes
Grevillea masonii,,Endangered,16-Jul-00,Yes
Grevillea maxwellii,Maxwell's Grevillea,Endangered,16-Jul-00,No
Grevillea mollis,,Endangered,16-Jul-00,No
Grevillea molyneuxii,Wingello Grevillea,Endangered,16-Jul-00,No
Grevillea murex,,Endangered,16-Jul-00,No
Grevillea obtusiflora,Grey Grevillea,Endangered,16-Jul-00,No
Grevillea pythara,Pythara Grevillea,Endangered,16-Jul-00,No
Grevillea rara,Rare Grevillea,Endangered,16-Jul-00,No
Grevillea rhizomatosa,Gibraltar Grevillea,Endangered,5-Mar-25,Yes
Grevillea scapigera,Corrigin Grevillea,Endangered,16-Jul-00,No
Habenaria maccraithii,Whiskered Rein Orchid,Endangered,16-Jul-00,Yes
Hakea macrorrhyncha,,Endangered,15-Nov-23,Yes
Hakea pulvinifera,Lake Keepit Hakea,Endangered,16-Jul-00,Yes
Haloragis eyreana,Prickly Raspwort,Endangered,16-Jul-00,No
Haloragodendron lucasii,Hal,Endangered,16-Jul-00,No
Helicteres macrothrix,,Endangered,18-Aug-06,Yes
Hemiandra gardneri,Red Snakebush,Endangered,16-Jul-00,Yes
Hemiandra rutilans,"Sargents Snakebush, Colourful Snakebush",Endangered,16-Jul-00,No
Hibbertia acaulothrix,,Endangered,7-Sep-23,Yes
Hibbertia basaltica,Basalt Guinea-flower,Endangered,26-Nov-08,Yes
Hibbertia cistiflora subsp. quadristaminea,,Endangered,7-Sep-23,Yes
Hibbertia praemorsa,Bundanoon Guinea-flower,Endangered,7-Sep-23,Yes
Homoranthus decumbens,a shrub,Endangered,26-Feb-13,Yes
Hypocalymma angustifolium subsp. Hutt River (S.Patrick 2982),,Endangered,4-Jul-19,Yes
Hypocalymma sp. Cascade (R.Bruhn 20896) = Hypocalymma magnificum,,Endangered,4-Jul-19,Yes
Hypocalymma sylvestre,Chittering Myrtle,Endangered,11-May-18,Yes
Hypolepis distans = Hiya distans,Scrambling Ground-fern,Endangered,16-Oct-01,No
Indigofera efoliata,,Endangered,16-Jul-00,No
Irenepharsus trypherus,"Delicate Cress, Illawarra Irene",Endangered,16-Jul-00,Yes
Isoglossa eranthemoides,Isoglossa,Endangered,16-Jul-00,Yes
Isopogon uncinatus,"Albany Cone Bush, Hook-leaf Isopogon",Endangered,16-Jul-00,No
Jacksonia pungens,Pungent Jacksonia,Endangered,16-Jul-00,No
Jacksonia quairading,"Quairading Jacksonia, Quairading Stinkwood",Endangered,16-Jul-00,No
Jacksonia velveta,Collie Jacksonia,Endangered,16-Jul-00,No
Kardomia silvestris,Woodland Babingtonia,Endangered,5-Mar-25,Yes
Kennedia lateritia,Augusta Kennedia,Endangered,16-Jul-00,Yes
Kunzea juniperoides subsp. pernervosa,,Endangered,5-Sep-25,Yes
Lachnagrostis adamsonii,"Adamson's Blown-grass, Adamson's Blowngrass",Endangered,16-Jul-00,Yes
Lachnagrostis limitanea,"Spalding Blown Grass, Spalding Blowngrass",Endangered,16-Jul-00,No
Lambertia echinata subsp. echinata,Prickly Honeysuckle,Endangered,16-Jul-00,No
Lambertia echinata subsp. occidentalis,Western Prickly Honeysuckle,Endangered,16-Jul-00,Yes
Lambertia orbifolia,Roundleaf Honeysuckle,Endangered,16-Jul-00,Yes
Lasiopetalum pterocarpum,Wing-fruited Lasiopetalum,Endangered,16-Jul-00,Yes
Lasiopetalum rotundifolium,Round-leaf Lasiopetalum,Endangered,16-Jul-00,No
Lastreopsis calantha,"Shield-fern, Shieldfern",Endangered,25-Nov-03,No
Lechenaultia laricina,Scarlet Leschenaultia,Endangered,16-Jul-00,Yes
Leionema equestre,Kangaroo Island Phebalium,Endangered,16-Jul-00,No
Leionema lachnaeoides,,Endangered,16-Jul-00,Yes
Lepidium hyssopifolium,"Basalt Pepper-cress, Peppercress, Rubble Pepper-cress, Pepperweed",Endangered,16-Jul-00,Yes
Lepidium monoplocoides,Winged Pepper-cress,Endangered,16-Jul-00,Yes
Lepidium peregrinum,Wandering Pepper-cress,Endangered,1-May-03,No
Lepidosperma rostratum,Beaked Lepidosperma,Endangered,16-Jul-00,Yes
Leptospermum thompsonii,Monga Tea-tree,Endangered,5-Mar-25,Yes
Leucochrysum albicans subsp. tricolor,"Hoary Sunray, Grassland Paper-daisy",Endangered,16-Jul-00,Yes
Leucopogon confertus = Styphelia conferta,Torrington Beard-heath,Endangered,16-Jul-00,Yes
Leucopogon marginatus = Styphelia marginata,Thick-margined Leucopogon,Endangered,16-Jul-00,No
Leucopogon nitidus,,Endangered,15-Feb-18,Yes
Leucopogon obtectus = Styphelia obtecta,Hidden Beard-heath,Endangered,16-Jul-00,No
Leucopogon sp. Coolmunda (D.Halford Q1635) = Styphelia sp. Coolmunda (D.Halford Q1635),,Endangered,16-Jul-00,No
Livistona mariae subsp. mariae,"Central Australian Cabbage Palm, Red Cabbage Palm",Endangered,11-May-18,Yes
Lordhowea pilosicrista,Tall Yellow-top,Endangered,6-Feb-26,Yes
Lychnothamnus barbatus,a green alga,Endangered,16-Jul-00,Yes
Macadamia jansenii,"Bulberin Nut, Bulburin Nut Tree",Endangered,16-Jul-00,Yes
Macarthuria keigheryi,Keighery's Macarthuria,Endangered,16-Jul-00,No
Macrozamia cranei,,Endangered,16-Jul-00,Yes
Macrozamia johnsonii,,Endangered,5-Oct-22,Yes
Macrozamia lomandroides,cycad,Endangered,16-Jul-00,Yes
Macrozamia pauli-guilielmi,Pineapple Zamia,Endangered,16-Jul-00,Yes
Macrozamia platyrhachis,cycad,Endangered,16-Jul-00,No
Marattia salicina = Ptisana salicina,"King Fern, Para, Potato Fern",Endangered,25-Nov-03,No
Marianthus paralius,,Endangered,15-Feb-18,Yes
Melaleuca sciotostyla,Wongan Melaleuca,Endangered,16-Jul-00,No
Melaleuca sp. Wanneroo (G.J.Keighery 16705),,Endangered,4-Jul-19,Yes
Melichrus sp. Newfoundland State Forest (P.Gilmour 7852) = Melichrus hirsutus,Hairy Melichrus,Endangered,16-Jul-00,Yes
Microcarpaea agonis,,Endangered,16-Jul-00,No
Micromyrtus grandis,,Endangered,16-Jul-00,No
Microtis angusii,Angus's Onion Orchid,Endangered,16-Jul-00,No
Monotoca rotundifolia,Trailing Monotoca,Endangered,31-Mar-23,Yes
Muehlenbeckia australis,"Shrubby Creeper, Pohuehue",Endangered,25-Nov-03,No
Muehlenbeckia tuggeranong,Tuggeranong Lignum,Endangered,16-Jul-00,Yes
Myriophyllum lapidicola,Chiddarcooping Myriophyllum,Endangered,16-Jul-00,Yes
Myrsine richmondensis,"Purple-leaf Muttonwood, Lismore Muttonwood",Endangered,16-Jul-00,Yes
Nereia lophocladia,marine brown alga,Endangered,6-Feb-26,Yes
Ochrosia moorei,Southern Ochrosia,Endangered,16-Jul-00,Yes
Olearia arckaringensis,Arckaringa Daisy,Endangered,7-Dec-16,Yes
Olearia flocktoniae,Dorrigo Daisy-bush,Endangered,16-Jul-00,Yes
Olearia hygrophila,"Swamp Daisy, Water Daisy",Endangered,16-Jul-00,No
Olearia microdisca,Small-flowered Daisy-bush,Endangered,16-Jul-00,Yes
Olearia rugosa subsp. distalilobata,,Endangered,15-Nov-23,Yes
Ornduffia calthifolia,Mountain Villarsia,Endangered,16-Jul-00,Yes
Pandanus spiralis var. flammeus,Edgar Range Pandanus,Endangered,16-Jul-00,No
Paracaleana dixonii = Caleana dixonii,Sandplain Duck Orchid,Endangered,16-Jul-00,Yes
Parsonsia dorrigoensis,Milky Silkpod,Endangered,16-Jul-00,No
Patersonia spirifolia,Spiral-leaved Patersonia,Endangered,16-Jul-00,Yes
Pelargonium sp. Striatellum (G.W.Carr 10345),Omeo Stork's-bill,Endangered,21-Dec-11,Yes
Pennantia endlicheri,Pennantia,Endangered,25-Nov-03,No
Persoonia acerosa,Needle Geebung,Endangered,4-Sep-24,Yes
Persoonia bargoensis,Bargo Geebung,Endangered,7-Sep-23,Yes
Persoonia hindii,,Endangered,4-Sep-24,Yes
Persoonia hirsuta,"Hairy Geebung, Hairy Persoonia",Endangered,16-Jul-00,Yes
Persoonia mollis subsp. maxima,,Endangered,16-Jul-00,Yes
Persoonia nutans,Nodding Geebung,Endangered,16-Jul-00,Yes
Persoonia oxycoccoides,,Endangered,20-Mar-23,Yes
Petrophile latericola,Laterite Petrophile,Endangered,16-Jul-00,Yes
Phaius australis,Lesser Swamp-orchid,Endangered,16-Jul-00,Yes
Phaius bernaysii,Yellow Swamp-orchid,Endangered,16-Jul-00,No
Phalaenopsis amabilis subsp. rosenstromii = Phalaenopsis rosenstromii,Native Moth Orchid,Endangered,16-Jul-00,Yes
Phebalium distans,Mt Berryman Phebalium,Endangered,22-Apr-22,Yes
Philotheca basistyla,White-flowered Philotheca,Endangered,16-Jul-00,Yes
Philotheca freyciana,Freycinet Waxflower,Endangered,26-Nov-08,Yes
Philotheca wonganensis,Wongan Eriostemon,Endangered,16-Jul-00,Yes
Phlegmariurus carinatus,Keeled Tassel-fern,Endangered,16-Jul-00,Yes
Phlegmariurus dalhousieanus,Blue Tassel-fern,Endangered,16-Jul-00,Yes
Phlegmariurus filiformis,Rat's Tail Tassel-fern,Endangered,16-Jul-00,No
Phreatia paleata = Eria paleata,White Lace Orchid,Endangered,25-Nov-03,No
Pimelea axiflora subsp. pubescens,Bungonia Rice-flower,Endangered,4-Jul-19,Yes
Pimelea spicata,Spiked Rice-flower,Endangered,16-Jul-00,Yes
Pimelea venosa,Bolivia Hill Rice-flower,Endangered,16-Jul-00,Yes
Pityrodia scabra subsp. scabra,Wyalkatchem Foxglove,Endangered,16-Jul-00,No
Pityrodia sp. Marble Bar (G.Woodman & D.Coultas GWDC Opp 4) = Quoya zonalis,,Endangered,11-May-18,Yes
Planchonella costata,Bastard Ironwood,Endangered,25-Nov-03,No
Planchonella eerwah,"Shiny-leaved Condoo, Black Plum, Wild Apple",Endangered,16-Jul-00,Yes
Plectranthus habrophyllus = Coleus habrophyllus,,Endangered,16-Jul-00,Yes
Plectranthus nitidus = Coleus nitidus,"Nightcap Plectranthus, Silver Plectranthus",Endangered,16-Jul-00,Yes
Plectranthus omissus = Coleus omissus,,Endangered,16-Jul-00,No
Plectranthus torrenticola = Coleus torrenticola,,Endangered,16-Jul-00,Yes
Plesioneuron tuberculatum,,Endangered,16-Jul-00,No
Polyphlebium endlicherianum,Middle Filmy Fern,Endangered,25-Nov-03,Yes
Polystichum moorei,Rock Shield Fern,Endangered,26-Jun-15,Yes
Pomaderris cocoparrana,,Endangered,11-May-18,Yes
Pomaderris cotoneaster,Cotoneaster Pomaderris,Endangered,16-Jul-00,Yes
Pomaderris gilmourii var. gilmourii,,Endangered,5-Oct-22,No
Prasophyllum affine,Jervis Bay Leek Orchid,Endangered,16-Jul-00,Yes
Prasophyllum amoenum,Dainty Leek-orchid,Endangered,16-Jul-00,No
Prasophyllum apoxychilum,Tapered Leek-orchid,Endangered,16-Jul-00,No
Prasophyllum correctum,Gaping Leek-orchid,Endangered,16-Jul-00,Yes
Prasophyllum crebriflorum,Crowded Leek-Orchid,Endangered,26-Nov-08,Yes
Prasophyllum diversiflorum,Gorae Leek-orchid,Endangered,16-Jul-00,No
Prasophyllum frenchii,"Maroon Leek-orchid, Slaty Leek-orchid, Stout Leek-orchid, French's Leek-orchid, Swamp Leek-orchid",Endangered,16-Jul-00,Yes
Prasophyllum goldsackii,Goldsack's Leek-orchid,Endangered,27-Nov-06,Yes
Prasophyllum petilum,Tarengo Leek Orchid,Endangered,16-Jul-00,Yes
Prasophyllum pruinosum,Plum Leek-orchid,Endangered,19-Aug-10,Yes
Prasophyllum secutum,Northern Leek-orchid,Endangered,16-Jul-00,Yes
Prasophyllum suaveolens,Fragrant Leek-orchid,Endangered,16-Jul-00,Yes
Prasophyllum subbisectum,Pomonal Leek-orchid,Endangered,16-Jul-00,Yes
Prasophyllum tunbridgense,Tunbridge Leek-orchid,Endangered,16-Jul-00,Yes
Prostanthera askania,"Tranquillity Mintbush, Tranquility Mintbush",Endangered,16-Jul-00,Yes
Prostanthera eurybioides,Monarto Mintbush,Endangered,16-Jul-00,No
Prostanthera junonis,Somersby Mintbush,Endangered,16-Jul-00,Yes
Prostanthera tallowa,,Endangered,5-Mar-25,Yes
Pteris kingiana,King's Brakefern,Endangered,25-Nov-03,No
Pteris zahlbruckneriana,Netted Brakefern,Endangered,25-Nov-03,No
Pterostylis x aenigma,Enigmatic Greenhood,Endangered,16-Jul-00,No
Pterostylis basaltica,Basalt Greenhood,Endangered,16-Jul-00,No
Pterostylis despectans,Lowly Greenhood,Endangered,16-Jul-00,Yes
Pterostylis gibbosa,"Illawarra Greenhood, Rufa Greenhood, Pouched Greenhood",Endangered,16-Jul-00,Yes
Pterostylis lepida,Halbury Greenhood,Endangered,16-Jul-00,Yes
Pterostylis metcalfei,Metcalfe's Greenhood,Endangered,5-Mar-25,Yes
Pterostylis rubenachii,Arthur River Greenhood,Endangered,16-Jul-00,Yes
Pterostylis saxicola,Sydney Plains Greenhood,Endangered,16-Jul-00,Yes
Pterostylis sinuata,"Northampton Midget Greenhood, Western Swan Greenhood",Endangered,16-Jul-00,Yes
Pterostylis sp. Botany Bay (A.Bishop J221/1-13),"Botany Bay Bearded Greenhood, Botany Bay Bearded Orchid",Endangered,16-Jul-00,Yes
Pterostylis sp. Hale (R.Bates 21725),Hale Dwarf Greenhood,Endangered,16-Jul-00,Yes
Ptilotus brachyanthus,,Endangered,4-Sep-24,Yes
Ptilotus uncinellus,,Endangered,4-Sep-24,Yes
Pultenaea aculeata,,Endangered,4-Sep-24,Yes
Pultenaea baeuerlenii,Budawangs Bush-pea,Endangered,7-Sep-23,Yes
Pultenaea elusa,Elusive Bush-pea,Endangered,16-Jul-00,No
Pultenaea trichophylla,Tufted Bush-pea,Endangered,1-Dec-09,Yes
Randia moorei,Spiny Gardenia,Endangered,16-Jul-00,Yes
Ranunculus prasinus,"Midlands Buttercup, Tunbridge Buttercup",Endangered,16-Jul-00,Yes
Rhizanthella slateri,Eastern Underground Orchid,Endangered,18-Dec-07,Yes
Rhodamnia sessiliflora,Iron Malletwood,Endangered,6-Feb-26,Yes
Rhodamnia whiteana,White Malletwood,Endangered,6-Feb-26,Yes
Ricinocarpos brevis,,Endangered,19-Aug-10,Yes
Ricinocarpos trichophorus,Barrens Wedding Bush,Endangered,16-Jul-00,No
Roycea pycnophylloides,Saltmat,Endangered,16-Jul-00,No
Rutidosis leptorhynchoides,Button Wrinklewort,Endangered,16-Jul-00,Yes
Sagina diemensis,Tasmanian Pearlwort,Endangered,26-Nov-08,Yes
Samadera sp. Moonee Creek (J.King s.n. Nov. 1949),,Endangered,16-Jul-00,Yes
Sankowskya stipularis,,Endangered,16-Jul-00,No
Schoenia filifolia subsp. subulifolia,Mingenew Everlasting,Endangered,8-Jan-09,Yes
Sclerolaena napiformis,Turnip Copperburr,Endangered,16-Jul-00,Yes
Senecio behrianus,"Stiff Groundsel, Behr's Groundsel",Endangered,16-Jul-00,Yes
Senecio evansianus,a daisy,Endangered,25-Nov-03,Yes
Solanum dissectum,,Endangered,7-Dec-16,Yes
Solanum graniticum,Granite Nightshade,Endangered,8-Dec-21,Yes
Solanum johnsonianum,,Endangered,7-Dec-16,Yes
Solanum sulphureum,,Endangered,7-Dec-16,Yes
Sphenotoma drummondii,Mountain Paper-heath,Endangered,16-Jul-00,No
Spirogardnera rubescens,Spiral Bush,Endangered,16-Jul-00,No
Sporobolus pamelae,a grass,Endangered,8-Dec-21,Yes
Spyridium cinereum,Tiny Spyridium,Endangered,16-Jul-24,Yes
Spyridium furculentum,Forked Spyridium,Endangered,16-Jul-00,Yes
Spyridium lawrencei,Small-leaf Spyridium,Endangered,30-Jun-09,Yes
Stonesiella selaginoides,Clubmoss Bush-pea,Endangered,16-Jul-00,No
Streblus pendulinus,"Siah's Backbone, Sia's Backbone, Isaac Wood",Endangered,25-Nov-03,Yes
Stylidium asymmetricum,Asymmetric Triggerplant,Endangered,4-Jul-19,Yes
Stylidium coroniforme subsp. amblyphyllum,,Endangered,4-Jul-19,Yes
Stylidium coroniforme subsp. coroniforme,"Wongan Hills Triggerplant, Wongan Triggerplant",Endangered,4-Jul-19,Yes
Stylidium ensatum,a triggerplant,Endangered,5-May-16,Yes
Styphelia perileuca,Montane Green Five-corners,Endangered,5-Jul-23,Yes
Swainsona recta,"Small Purple-pea, Mountain Swainson-pea, Small Purple Pea",Endangered,16-Jul-00,Yes
Symonanthus bancroftii,Bancrofts Symonanthus,Endangered,16-Jul-00,No
Synaphea quartzitica,Quartz-loving Synaphea,Endangered,16-Jul-00,No
Synaphea sp. Pinjarra Plain (A.S.George 17182),,Endangered,15-Feb-18,Yes
Synaphea stenoloba,Dwellingup Synaphea,Endangered,24-Dec-09,Yes
Tarennoidea wallichii,,Endangered,31-Mar-22,Yes
Tectaria devexa,Cave Fern,Endangered,16-Jul-00,Yes
Telopea aspera,Gibraltar Waratah,Endangered,4-Sep-24,Yes
Tetratheca deltoidea,Granite Tetratheca,Endangered,16-Jul-00,No
Tetratheca paynterae,Paynter's Tetratheca,Endangered,16-Jul-00,Yes
Thelymitra dedmaniarum,Cinnamon Sun Orchid,Endangered,16-Jul-00,Yes
Thelymitra epipactoides,Metallic Sun-orchid,Endangered,16-Jul-00,Yes
Thelymitra jonesii,Sky-blue Sun-orchid,Endangered,4-Mar-11,Yes
Thelymitra matthewsii,Spiral Sun-orchid,Endangered,4-Sep-24,Yes
Thelymitra stellata,Star Sun-orchid,Endangered,16-Jul-00,Yes
Thismia clavarioides,,Endangered,5-Sep-25,Yes
Thomasia sp. Green Hill (S.Paust 1322),Green Hill Thomasia,Endangered,16-Jul-00,No
Toechima pterocarpum,,Endangered,16-Jul-00,No
Toechima sp. East Alligator (J.Russell-Smith 8418),a tree,Endangered,18-Aug-06,Yes
Trachymene scapigera,Mountain Trachymene,Endangered,16-Jul-00,Yes
Triplarina imbricata,,Endangered,16-Jul-00,No
Triplarina nowraensis,Nowra Heath-myrtle,Endangered,16-Jul-00,Yes
Trithuria occidentalis,Swan Hydatella,Endangered,16-Jul-00,Yes
Triunia robusta,Glossy Spice Bush,Endangered,16-Jul-00,No
Tylophora linearis = Vincetoxicum forsteri,,Endangered,16-Jul-00,No
Tylophora rupicola = Vincetoxicum rupicola,,Endangered,16-Jul-00,No
Tylophora woollsii = Vincetoxicum woollsii,,Endangered,16-Jul-00,No
Typhonium jonesii,a herb,Endangered,18-Aug-06,Yes
Typhonium mirabile,a herb,Endangered,18-Aug-06,Yes
Typhonium praetermissum,,Endangered,6-Feb-26,Yes
Typhonium sp. Cox Peninsula (S.Nicholas 15/12/1999),,Endangered,6-Feb-26,Yes
Typhonium taylori = Typhonium taylorii,a herb,Endangered,18-Aug-06,Yes
Uromyrtus australis,Peach Myrtle,Endangered,16-Jul-00,No
Vappodes lithocola,"Dwarf Butterfly Orchid, Cooktown Orchid",Endangered,16-Jul-00,No
Veronica lithophila,,Endangered,5-Jul-23,Yes
Veronica parnkalliana,Port Lincoln Speedwell,Endangered,5-May-16,Yes
Verticordia albida,White Featherflower,Endangered,16-Jul-00,No
Verticordia densiflora var. pedunculata,Long-stalked Featherflower,Endangered,16-Jul-00,Yes
Verticordia fimbrilepis subsp. fimbrilepis,Shy Featherflower,Endangered,16-Jul-00,No
Verticordia hughanii,Hughan's Featherflower,Endangered,16-Jul-00,Yes
Verticordia pityrhops,"Mt Barren Featherflower, Little Pine Verticordia, Pine-like Featherflower",Endangered,16-Jul-00,No
Verticordia plumosa var. ananeotes,Tufted Plumed Featherflower,Endangered,16-Jul-00,Yes
Verticordia plumosa var. vassensis,Vasse Featherflower,Endangered,16-Jul-00,Yes
Verticordia spicata subsp. squamosa,Scaly-leaved Featherflower,Endangered,16-Jul-00,Yes
Verticordia staminosa subsp. staminosa,Wongan Featherflower,Endangered,16-Jul-00,No
Verticordia staminosa var. cylindracea,Granite Featherflower,Endangered,16-Jul-00,Yes
Viola improcera,Dwarf Violet,Endangered,7-Sep-23,Yes
Vrydagzynea grayi,Tonsil Orchid,Endangered,16-Jul-00,Yes
Westringia crassifolia,Whipstick Westringia,Endangered,16-Jul-00,No
Westringia kydrensis,,Endangered,16-Jul-00,No
Wurmbea calcicola,Naturaliste Nancy,Endangered,16-Jul-00,No
Wurmbea tubulosa,Long-flowered Nancy,Endangered,16-Jul-00,Yes
Xanthorrhoea bracteata,Shiny Grasstree,Endangered,16-Jul-00,Yes
Xanthostemon formosus,,Endangered,16-Jul-00,No
Xerothamnella herbacea,,Endangered,16-Jul-00,No
Xylopia monosperma,a shrub,Endangered,18-Aug-06,No
Xylosma parvifolia,,Endangered,26-Jun-15,Yes
Zehneria baueriana,"Native Cucumber, Giant Cucumber",Endangered,25-Nov-03,No
Zieria baeuerlenii,"Bomaderry Zieria, Bomaderry Creek Zieria",Endangered,16-Jul-00,Yes
Zieria bifida,,Endangered,16-Jul-00,Yes
Zieria covenyi,Coveny's Zieria,Endangered,16-Jul-00,Yes
Zieria floydii,,Endangered,16-Jul-00,Yes
Zieria formosa,Shapely Zieria,Endangered,16-Jul-00,Yes
Zieria granulata,"Hill Zieria, Hilly Zieria, Illawarra Zieria",Endangered,16-Jul-00,Yes
Zieria ingramii,"Ingram's Zieria, Keith's Zieria",Endangered,16-Jul-00,Yes
Zieria lasiocaulis,Willi Willi Zieria,Endangered,16-Jul-00,Yes
Zieria obcordata,Granite Zieria,Endangered,16-Jul-00,Yes
Zieria prostrata,Headland Zieria,Endangered,16-Jul-00,Yes
Acacia ammophila,,Vulnerable,16-Jul-00,Yes
Acacia anomala,"Grass Wattle, Chittering Grass Wattle",Vulnerable,16-Jul-00,Yes
Acacia aphylla,Leafless Rock Wattle,Vulnerable,16-Jul-00,Yes
Acacia araneosa,"Spidery Wattle, Balcanoona Wattle",Vulnerable,16-Jul-00,Yes
Acacia attenuata,,Vulnerable,16-Jul-00,Yes
Acacia awestoniana,Stirling Range Wattle,Vulnerable,16-Jul-00,Yes
Acacia axillaris,"Midlands Mimosa, Midlands Wattle",Vulnerable,16-Jul-00,Yes
Acacia bynoeana,"Bynoe's Wattle, Tiny Wattle",Vulnerable,16-Jul-00,Yes
Acacia caerulescens,"Limestone Blue Wattle, Buchan Blue, Buchan Blue Wattle",Vulnerable,16-Jul-00,Yes
Acacia carneorum,"Needle Wattle, Dead Finish, Purple-wood Wattle",Vulnerable,16-Jul-00,Yes
Acacia crombiei,Pink Gidgee,Vulnerable,16-Jul-00,Yes
Acacia curranii,Curly-bark Wattle,Vulnerable,16-Jul-00,Yes
Acacia denticulosa,Sandpaper Wattle,Vulnerable,16-Jul-00,Yes
Acacia depressa,Echidna Wattle,Vulnerable,16-Jul-00,Yes
Acacia deuteroneura,,Vulnerable,16-Jul-00,Yes
Acacia eremophiloides,,Vulnerable,16-Jul-00,Yes
Acacia flocktoniae,Flockton Wattle,Vulnerable,16-Jul-00,Yes
Acacia forrestiana,Forest's Wattle,Vulnerable,16-Jul-00,Yes
Acacia georgensis,Bega Wattle,Vulnerable,16-Jul-00,Yes
Acacia glandulicarpa,Hairy-pod Wattle,Vulnerable,16-Jul-00,Yes
Acacia grandifolia,,Vulnerable,16-Jul-00,Yes
Acacia handonis,"Hando's Wattle, Percy Grant Wattle",Vulnerable,16-Jul-00,Yes
Acacia latzii,Latz's Wattle,Vulnerable,16-Jul-00,Yes
Acacia lauta,Tara Wattle,Vulnerable,16-Jul-00,Yes
Acacia macnuttiana,McNutt's Wattle,Vulnerable,16-Jul-00,Yes
Acacia menzelii,Menzel's Wattle,Vulnerable,16-Jul-00,Yes
Acacia peuce,"Waddy, Waddi, Waddy-wood, Birdsville Wattle",Vulnerable,16-Jul-00,Yes
Acacia phasmoides,Phantom Wattle,Vulnerable,16-Jul-00,Yes
Acacia pickardii,Birds Nest Wattle,Vulnerable,16-Jul-00,Yes
Acacia praemorsa,Senna Wattle,Vulnerable,24-Dec-09,Yes
Acacia praetermissa,a shrub,Vulnerable,18-Aug-06,Yes
Acacia pubescens,"Downy Wattle, Hairy Stemmed Wattle",Vulnerable,16-Jul-00,Yes
Acacia pycnostachya,Bolivia Wattle,Vulnerable,16-Jul-00,Yes
Acacia rhetinocarpa,"Neat Wattle, Resin Wattle (SA)",Vulnerable,16-Jul-00,Yes
Acacia undoolyana,"Undoolya Wattle, Sickle-leaf Wattle",Vulnerable,16-Jul-00,Yes
Acriopsis emarginata,Pale Chandelier Orchid,Vulnerable,16-Jul-00,Yes
Acrophyllum australe,,Vulnerable,16-Jul-00,No
Actephila foetida,,Vulnerable,16-Jul-00,No
Actinotus schwarzii,Desert Flannel-flower,Vulnerable,16-Jul-00,No
Adenanthos ellipticus,Oval-leaf Adenanthos,Vulnerable,16-Jul-00,Yes
Adenanthos pungens subsp. pungens,Spiky Adenanthos,Vulnerable,16-Jul-00,Yes
Allocasuarina fibrosa,Woolly Sheoak,Vulnerable,16-Jul-00,Yes
Allocasuarina simulans,Nabiac Casuarina,Vulnerable,16-Jul-00,Yes
Allocasuarina tortiramula,Twisted Sheoak,Vulnerable,16-Jul-00,Yes
Alloxylon flammeum,"Red Silky Oak, Queensland Waratah, Tree Waratah",Vulnerable,16-Jul-00,No
Ammobium craspedioides,Yass Daisy,Vulnerable,16-Jul-00,Yes
Amphibromus fluitans,"River Swamp Wallaby-grass, Floating Swamp Wallaby-grass",Vulnerable,16-Jul-00,Yes
Andersonia pinaster,Two Peoples Bay Andersonia,Vulnerable,16-Jul-00,No
Androcalva procumbens,,Vulnerable,16-Jul-00,Yes
Angophora inopina,Charmhaven Apple,Vulnerable,16-Jul-00,Yes
Angophora robur,Sandstone Rough-barked Apple,Vulnerable,16-Jul-00,Yes
Anigozanthos viridis subsp. terraspectans,Dwarf Green Kangaroo Paw,Vulnerable,16-Jul-00,No
Anthocercis gracilis,Slender Tailflower,Vulnerable,16-Jul-00,No
Apatophyllum olsenii,,Vulnerable,16-Jul-00,No
Apium prostratum subsp. Porongurup Range (G.J.Keighery 8631) = Apium prostratum subsp. phillipii,"Fine-leaved Apium, Porongurup Celery",Vulnerable,16-Jul-00,No
Archidendron lovelliae,"Bacon Wood, Tulip Siris",Vulnerable,16-Jul-00,Yes
Argyrotegium nitidulum,Shining Cudweed,Vulnerable,16-Jul-00,Yes
Aristida annua,,Vulnerable,16-Jul-00,Yes
Arthraxon hispidus,Hairy-joint Grass,Vulnerable,16-Jul-00,No
Asperula asthenes,Trailing Woodruff,Vulnerable,16-Jul-00,No
Asperula tetraphylla,Kangaroo Island Woodruff,Vulnerable,6-Feb-26,Yes
Asplenium hookerianum,Maidenhair Spleenwort,Vulnerable,16-Jul-00,No
Asplenium pellucidum,,Vulnerable,16-Jul-00,No
Asplenium wildii = Hymenasplenium wildii,,Vulnerable,16-Jul-00,No
Astelia australiana,Tall Astelia,Vulnerable,16-Jul-00,No
Asterolasia nivea,Bindoon Starbush,Vulnerable,16-Jul-00,No
Asterolasia phebalioides,Downy Star-bush,Vulnerable,16-Jul-00,No
Astrotricha crassifolia,Thick-leaf Star-hair,Vulnerable,16-Jul-00,Yes
Atriplex infrequens,,Vulnerable,16-Jul-00,No
Austrostipa metatoris,,Vulnerable,16-Jul-00,No
Baloghia marmorata,"Marbled Balogia, Jointed Baloghia",Vulnerable,16-Jul-00,No
Baloskion longipes,Dense Cord-rush,Vulnerable,16-Jul-00,Yes
Banksia catoglypta,,Vulnerable,11-May-18,Yes
Banksia goodii,Good's Banksia,Vulnerable,16-Jul-00,Yes
Banksia serratuloides subsp. serratuloides,Southern Serrate Dryandra,Vulnerable,16-Jul-00,Yes
Banksia sphaerocarpa var. dolichostyla = Banksia dolichostyla,"Ironcaps Banksia, Ironcap Banksia",Vulnerable,16-Jul-00,Yes
Banksia squarrosa subsp. argillacea,Whicher Range Dryandra,Vulnerable,16-Jul-00,Yes
Banksia verticillata,"Granite Banksia, Albany Banksia, River Banksia",Vulnerable,16-Jul-00,Yes
Bertya calycina,a shrub,Vulnerable,16-Jul-00,Yes
Bertya ernestiana,Mt Ernest Bertya,Vulnerable,16-Jul-00,Yes
Bertya opponens,,Vulnerable,16-Jul-00,Yes
Bertya pinifolia,a shrub,Vulnerable,16-Jul-00,No
Beyeria subtecta,Kangaroo Island Turpentine Bush,Vulnerable,16-Jul-00,Yes
Boronia adamsiana,Barbalin Boronia,Vulnerable,16-Jul-00,Yes
Boronia galbraithiae,"Aniseed Boronia, Galbraith's Boronia",Vulnerable,16-Jul-00,Yes
Boronia gunnii,"Gunn's Boronia, Cataract Gorge Boronia",Vulnerable,13-Apr-05,Yes
Boronia hemichiton,Mt Arthur Boronia,Vulnerable,13-Apr-05,Yes
Boronia hippopala,Velvet Boronia,Vulnerable,13-Apr-05,Yes
Boronia keysii,Key's Boronia,Vulnerable,16-Jul-00,Yes
Boronia quadrilata,a shrub,Vulnerable,16-Jul-00,Yes
Boronia umbellata,Orara Boronia,Vulnerable,16-Jul-00,Yes
Boronia viridiflora,a shrub,Vulnerable,16-Jul-00,Yes
Bosistoa transversa,"Three-leaved Bosistoa, Yellow Satinheart",Vulnerable,16-Jul-00,Yes
Bossiaea oligosperma,,Vulnerable,16-Jul-00,Yes
Bothriochloa bunyensis,Satin-top Grass,Vulnerable,16-Jul-00,No
Brachyscome muelleroides,Mueller Daisy,Vulnerable,16-Jul-00,No
Brachyscome papillosa,Mossgiel Daisy,Vulnerable,16-Jul-00,No
Breynia macrantha,,Vulnerable,16-Jul-00,No
Budawangia gnidioides = Epacris gnidioides,Budawangs Cliff-heath,Vulnerable,16-Jul-00,Yes
Bulbophyllum globuliforme,"Miniature Moss-orchid, Hoop Pine Orchid",Vulnerable,16-Jul-00,Yes
Bulbophyllum gracillimum,Wispy Umbrella Orchid,Vulnerable,16-Jul-00,No
Bulbophyllum longiflorum,Pale Umbrella Orchid,Vulnerable,16-Jul-00,No
Cadellia pentastylis,Ooline,Vulnerable,16-Jul-00,Yes
Caladenia brumalis,Winter Spider-orchid,Vulnerable,16-Jul-00,Yes
Caladenia bryceana subsp. cracens,Northern Dwarf Spider-orchid,Vulnerable,16-Jul-00,No
Caladenia calcicola,Limestone Spider-orchid,Vulnerable,16-Jul-00,No
Caladenia caudata,Tailed Spider-orchid,Vulnerable,16-Jul-00,Yes
Caladenia christineae,Christine's Spider Orchid,Vulnerable,16-Jul-00,No
Caladenia concolor,"Crimson Spider-orchid, Maroon Spider-orchid",Vulnerable,16-Jul-00,Yes
Caladenia formosa,"Elegant Spider-orchid, Blood-red Spider-orchid",Vulnerable,16-Jul-00,Yes
Caladenia harringtoniae,"Harrington's Spider-orchid, Pink Spider-orchid",Vulnerable,16-Jul-00,No
Caladenia insularis,French Island Spider-orchid,Vulnerable,16-Jul-00,No
Caladenia ornata,Ornate Pink Fingers,Vulnerable,16-Jul-00,No
Caladenia tessellata,"Thick-lipped Spider-orchid, Daddy Long-legs",Vulnerable,16-Jul-00,Yes
Caladenia versicolor,Candy Spider-orchid,Vulnerable,16-Jul-00,Yes
Caladenia wanosa,Kalbarri Spider-orchid,Vulnerable,16-Jul-00,No
Caladenia woolcockiorum,Woolcock's Spider-orchid,Vulnerable,16-Jul-00,No
Calectasia pignattiana,Stilted Tinsel Lily,Vulnerable,16-Jul-00,Yes
Callistemon forresterae,Forrester's Bottlebrush,Vulnerable,16-Jul-00,No
Callistemon kenmorrisonii,Betka Bottlebrush,Vulnerable,16-Jul-00,Yes
Callistemon pungens,,Vulnerable,16-Jul-00,No
Calophyllum bicolor,,Vulnerable,16-Jul-00,No
Calotis glandulosa,Mauve Burr-daisy,Vulnerable,16-Jul-00,No
Calytrix gurulmundensis,,Vulnerable,16-Jul-00,Yes
Canarium acutifolium,,Vulnerable,16-Jul-00,Yes
Capparis thozetiana,,Vulnerable,16-Jul-00,No
Cassinia rugata,"Wrinkled Cassinia, Wrinkled Dollybush",Vulnerable,16-Jul-00,Yes
Cepobaculum carronii = Dendrobium carronii,an orchid,Vulnerable,16-Jul-00,Yes
Chamelaucium sp. Cataby (G.J.Keighery 11009),Griffin's Waxflower,Vulnerable,16-Jul-00,Yes
Chamelaucium sp. S coastal plain (R.D.Royce 4872) = Chamelaucium roycei,Royce's Waxflower,Vulnerable,16-Jul-00,Yes
Cheiranthera volubilis,Twining Finger-flower,Vulnerable,16-Jul-00,No
Clematis fawcettii,Stream Clematis,Vulnerable,16-Jul-00,Yes
Codonocarpus pyramidalis,"Slender Bell-fruit, Camel Poison",Vulnerable,16-Jul-00,Yes
Colobanthus curtisiae,Curtis' Colobanth,Vulnerable,16-Jul-00,Yes
Comesperma oblongatum,Byfield Matchstick,Vulnerable,16-Jul-00,No
Conospermum hookeri,Variable Smoke-bush,Vulnerable,18-Dec-07,Yes
Conospermum undulatum,Wavy-leaved Smokebush,Vulnerable,16-Jul-00,Yes
Conostylis rogeri,"Kulin Conostylis, Single-flowered Conostylis",Vulnerable,16-Jul-00,Yes
Coopernookia scabridiuscula,,Vulnerable,16-Jul-00,No
Cordyline obtecta,Ti,Vulnerable,25-Nov-03,No
Correa baeuerlenii,Chef's Cap,Vulnerable,16-Jul-00,No
Correa calycina,Hindmarsh Correa,Vulnerable,16-Jul-00,Yes
Corybas dentatus,"Toothed Helmet-orchid, Finniss Helmet-orchid",Vulnerable,16-Jul-00,Yes
Corybas montanus,Small Helmet-orchid,Vulnerable,16-Jul-00,No
Corymbia clandestina,,Vulnerable,16-Jul-00,No
Corymbia leptoloma,Yellowjacket,Vulnerable,16-Jul-00,No
Corymbia rhodops,,Vulnerable,16-Jul-00,No
Corymbia xanthope,Glen Geddes Bloodwood,Vulnerable,16-Jul-00,No
Corynocarpus rupestris subsp. rupestris,Glenugie Karaka,Vulnerable,16-Jul-00,No
Cryptocarya foetida,"Stinking Cryptocarya, Stinking Laurel",Vulnerable,16-Jul-00,Yes
Cryptostylis hunteriana,Leafless Tongue-orchid,Vulnerable,16-Jul-00,Yes
Ctenopterella blechnoides,,Vulnerable,16-Jul-00,No
Cupaniopsis shirleyana,Wedge-leaf Tuckeroo,Vulnerable,16-Jul-00,Yes
Cupaniopsis tomentella,Boonah Tuckeroo,Vulnerable,16-Jul-00,No
Cycas cairnsiana,a cycad,Vulnerable,16-Jul-00,No
Cycas platyphylla,a cycad,Vulnerable,16-Jul-00,No
Cycas silvestris,,Vulnerable,16-Jul-00,No
Cyclophyllum costatum,a shrub,Vulnerable,16-Jul-00,No
Cyperus semifertilis,,Vulnerable,16-Jul-00,No
Darwinia biflora,,Vulnerable,16-Jul-00,Yes
Darwinia masonii,Mason's Darwinia,Vulnerable,16-Jul-00,Yes
Darwinia meeboldii,Cranbrook Bell,Vulnerable,16-Jul-00,No
Darwinia nubigena,"Success Bell, Red Mountain Bell",Vulnerable,16-Jul-00,No
Darwinia squarrosa,"Fringed Mountain Bell, Pink Mountain Bell",Vulnerable,16-Jul-00,No
Daviesia discolor,,Vulnerable,16-Jul-00,No
Daviesia elongata subsp. elongata,Long-leaved Daviesia,Vulnerable,16-Jul-00,Yes
Daviesia laevis,Grampians Bitter-pea,Vulnerable,16-Jul-00,No
Dendrobium bigibbum,Cooktown Orchid,Vulnerable,16-Jul-00,Yes
Dendrobium johannis,Chocolate Tea Tree Orchid,Vulnerable,16-Jul-00,No
Denhamia parvifolia,Small-leaved Denhamia,Vulnerable,16-Jul-00,Yes
Desmodium acanthocladum = Pedleya acanthoclada,Thorny Pea,Vulnerable,16-Jul-00,No
Deyeuxia pungens,Narrow-leaf Bent-grass,Vulnerable,16-Jul-00,Yes
Dichanthium setosum,bluegrass,Vulnerable,16-Jul-00,Yes
Diplazium cordifolium,,Vulnerable,16-Jul-00,No
Dischidia litoralis,,Vulnerable,16-Jul-00,No
Diuris drummondii,Tall Donkey Orchid,Vulnerable,16-Jul-00,Yes
Diuris micrantha,Dwarf Bee-orchid,Vulnerable,16-Jul-00,No
Diuris ochroma,Pale Golden Moths,Vulnerable,16-Jul-00,Yes
Diuris praecox,Newcastle Doubletail,Vulnerable,16-Jul-00,Yes
Diuris venosa,"Veined Doubletail, Goat Orchid, Veined Donkey-orchid",Vulnerable,16-Jul-00,No
Dodonaea procumbens,Trailing Hop-bush,Vulnerable,16-Jul-00,Yes
Dodonaea rupicola,Velvet Hopbush,Vulnerable,16-Jul-00,No
Drakaea concolor,Kneeling Hammer-orchid,Vulnerable,16-Jul-00,Yes
Drakaea micrantha,Dwarf Hammer-orchid,Vulnerable,16-Jul-00,Yes
Drosera prolifera,Trailing Sundew,Vulnerable,16-Jul-00,Yes
Drosera schizandra,,Vulnerable,16-Jul-00,No
Drummondita longifolia,Peak Charles Drummondita,Vulnerable,16-Jul-00,Yes
Dysoxylum bijugum,"Sharkwood, a tree",Vulnerable,25-Nov-03,No
Eleocharis keigheryi,Keighery's Eleocharis,Vulnerable,16-Jul-00,Yes
Eleocharis obicis,a spike rush,Vulnerable,16-Jul-00,Yes
Eleocharis papillosa,Dwarf Desert Spike-rush,Vulnerable,18-Aug-06,Yes
Eleocharis retroflexa,a sedge,Vulnerable,16-Jul-00,No
Endiandra hayesii,"Rusty Rose Walnut, Velvet Laurel",Vulnerable,16-Jul-00,Yes
Epilobium brunnescens subsp. beaugleholei,Bog Willow-herb,Vulnerable,16-Jul-00,No
Eremophila denticulata subsp. denticulata,Fitzgerald Eremophila,Vulnerable,16-Jul-00,No
Eremophila prostrata,Rainbow Valley Fuchsia Bush,Vulnerable,16-Jul-00,No
Eremophila vernicosa,Resinous Poverty Bush,Vulnerable,18-Aug-06,No
Erythroxylum sp. Cholmondely Creek (J.R.Clarkson 9367) (Northern Territory Population),,Vulnerable,25-Mar-23,Yes
Eucalyptus aggregata,Black Gum,Vulnerable,17-Nov-15,Yes
Eucalyptus alligatrix subsp. miscella,a stringybark,Vulnerable,16-Jul-00,Yes
Eucalyptus argophloia,"Queensland White Gum, Queensland Western White Gum, Lapunyah, Scrub Gum, White Gum",Vulnerable,16-Jul-00,No
Eucalyptus argutifolia,"Yanchep Mallee, Wabling Hill Mallee",Vulnerable,16-Jul-00,Yes
Eucalyptus articulata,Ponton Creek Mallee,Vulnerable,16-Jul-00,No
Eucalyptus beaniana,Bean's Ironbark,Vulnerable,16-Jul-00,No
Eucalyptus beardiana,Beard's Mallee,Vulnerable,14-May-13,Yes
Eucalyptus cadens,Warby Range Swamp Gum,Vulnerable,16-Jul-00,No
Eucalyptus caleyi subsp. ovendenii,Ovenden's Ironbark,Vulnerable,16-Jul-00,No
Eucalyptus camfieldii,Camfield's Stringybark,Vulnerable,16-Jul-00,Yes
Eucalyptus ceracea,Seppelt Range Gum,Vulnerable,16-Jul-00,No
Eucalyptus coronata,Crowned Mallee,Vulnerable,16-Jul-00,No
Eucalyptus crispata,Yandanooka Mallee,Vulnerable,16-Jul-00,Yes
Eucalyptus crucis subsp. crucis,Silver Mallee,Vulnerable,16-Jul-00,No
Eucalyptus glaucina,Slaty Red Gum,Vulnerable,16-Jul-00,Yes
Eucalyptus hallii,Goodwood Gum,Vulnerable,16-Jul-00,Yes
Eucalyptus infera,Durikai Mallee,Vulnerable,16-Jul-00,No
Eucalyptus johnsoniana,Johnson's Mallee,Vulnerable,16-Jul-00,No
Eucalyptus kabiana,Mount Beerwah Mallee,Vulnerable,16-Jul-00,No
Eucalyptus kartzoffiana,Araluen Gum,Vulnerable,16-Jul-00,No
Eucalyptus langleyi,"Albatross Mallee, Green Mallee Ash",Vulnerable,16-Jul-00,Yes
Eucalyptus x lateritica,Laterite Mallee,Vulnerable,16-Jul-00,No
Eucalyptus mckieana,McKie's Stringybark,Vulnerable,16-Jul-00,No
Eucalyptus merrickiae,Goblet Mallee,Vulnerable,16-Jul-00,No
Eucalyptus mooreana,"Mountain White Gum, King Leopold Range Mallee, Moore's Gum",Vulnerable,16-Jul-00,No
Eucalyptus nicholii,"Narrow-leaved Peppermint, Narrow-leaved Black Peppermint",Vulnerable,16-Jul-00,Yes
Eucalyptus paedoglauca,Mt Stuart Ironbark,Vulnerable,16-Jul-00,No
Eucalyptus parramattensis subsp. decadens,"Earp's Gum, Earp's Dirty Gum",Vulnerable,16-Jul-00,Yes
Eucalyptus parvula,Small-leaved Gum,Vulnerable,16-Jul-00,No
Eucalyptus platydisca,Jimberlana Mallee,Vulnerable,16-Jul-00,No
Eucalyptus pulverulenta,"Silver-leaved Mountain Gum, Silver-leaved Gum",Vulnerable,16-Jul-00,Yes
Eucalyptus pumila,Pokolbin Mallee,Vulnerable,16-Jul-00,No
Eucalyptus raveretiana,Black Ironbox,Vulnerable,16-Jul-00,Yes
Eucalyptus rhodantha,Rose Mallee,Vulnerable,16-Jul-00,Yes
Eucalyptus robertsonii subsp. hemisphaerica,Robertson's Peppermint,Vulnerable,16-Jul-00,Yes
Eucalyptus rubida subsp. barbigerorum,Blackbutt Candlebark,Vulnerable,16-Jul-00,No
Eucalyptus scoparia,"Wallangarra White Gum, Willow Gum",Vulnerable,16-Jul-00,No
Eucalyptus steedmanii,Steedmans Gum,Vulnerable,16-Jul-00,Yes
Eucalyptus strzeleckii,Strzelecki Gum,Vulnerable,16-Jul-00,Yes
Eucalyptus suberea,"Cork Mallee, Mount Lesueur Mallee",Vulnerable,16-Jul-00,No
Eucalyptus synandra,Jingymia Mallee,Vulnerable,16-Jul-00,No
Eucalyptus tetrapleura,Square-fruited Ironbark,Vulnerable,16-Jul-00,No
Eucalyptus virens,,Vulnerable,16-Jul-00,No
Eucryphia wilkiei,,Vulnerable,16-Jul-00,No
Euphorbia carissoides,,Vulnerable,16-Jul-00,Yes
Euphorbia obliqua,a herb,Vulnerable,25-Nov-03,Yes
Euphrasia amphisysepala,Shiny Cliff Eyebright,Vulnerable,16-Jul-00,Yes
Euphrasia bella,"Lamington Eyebright, Mt. Merino Eyebright",Vulnerable,16-Jul-00,Yes
Euphrasia bowdeniae,,Vulnerable,16-Jul-00,Yes
Euphrasia crassiuscula subsp. glandulifera,Thick Eyebright,Vulnerable,16-Jul-00,Yes
Euphrasia eichleri,Bogong Eyebright,Vulnerable,16-Jul-00,No
Euphrasia phragmostoma,"Bufton's Eyebright, Hairy Cliff Eyebright",Vulnerable,16-Jul-00,Yes
Floydia praealta,"Ball Nut, Possum Nut, Big Nut, Beefwood",Vulnerable,16-Jul-00,Yes
Fontainea australis,Southern Fontainea,Vulnerable,16-Jul-00,Yes
Fontainea rostrata,,Vulnerable,16-Jul-00,No
Fontainea venosa,,Vulnerable,16-Jul-00,No
Gardenia psidioides,Hann Gardenia,Vulnerable,16-Jul-00,No
Gastrolobium appressum,Scale-leaf Poison,Vulnerable,16-Jul-00,No
Gastrolobium lehmannii,Cranbrook Pea,Vulnerable,18-Aug-06,Yes
Gastrolobium modestum,Broad-leaved Gastrolobium,Vulnerable,16-Jul-00,Yes
Genoplesium vernale = Corunastylis vernalis,East Lynne Midge-orchid,Vulnerable,4-Oct-01,Yes
Germainia capitata,,Vulnerable,16-Jul-00,No
Glycine latrobeana,"Clover Glycine, Purple Clover",Vulnerable,16-Jul-00,Yes
Goodenia integerrima,Gypsum Goodenia,Vulnerable,16-Jul-00,No
Goodenia quadrifida,,Vulnerable,16-Jul-00,No
Graptophyllum ilicifolium,"Holly-leaved Graptophyllum, Mt Blackwood Holly",Vulnerable,16-Jul-00,Yes
Grevillea banyabba,,Vulnerable,16-Jul-00,Yes
Grevillea bedggoodiana,Enfield Grevillea,Vulnerable,16-Jul-00,No
Grevillea brachystylis subsp. australis,,Vulnerable,16-Jul-00,No
Grevillea celata,"Colquhoun Grevillea, Nowa Nowa Grevillea",Vulnerable,16-Jul-00,Yes
Grevillea elongata,Ironstone Grevillea,Vulnerable,16-Jul-00,Yes
Grevillea evansiana,,Vulnerable,16-Jul-00,No
Grevillea flexuosa,Zig Zag Grevillea,Vulnerable,16-Jul-00,No
Grevillea floripendula,"Drooping Grevillea, Ben Major Grevillea",Vulnerable,16-Jul-00,Yes
Grevillea glossadenia,,Vulnerable,16-Jul-00,Yes
Grevillea infecunda,Anglesea Grevillea,Vulnerable,16-Jul-00,Yes
Grevillea kennedyana,Flame Spider-flower,Vulnerable,16-Jul-00,Yes
Grevillea montis-cole subsp. brevistyla,Langi Ghiran Grevillea,Vulnerable,16-Jul-00,No
Grevillea parviflora subsp. parviflora,Small-flower Grevillea,Vulnerable,16-Jul-00,Yes
Grevillea quadricauda,Four-tailed Grevillea,Vulnerable,16-Jul-00,No
Grevillea raybrownii,,Vulnerable,25-Sep-20,Yes
Grevillea shiressii,,Vulnerable,16-Jul-00,No
Grevillea treueriana,"Mt Finke Grevillea, Scarlet Grevillea",Vulnerable,16-Jul-00,No
Hakea aculeata,Column Hakea,Vulnerable,16-Jul-00,Yes
Hakea archaeoides,,Vulnerable,16-Jul-00,Yes
Hakea fraseri,"Gnarled Corkbark, Fraser's Hakea",Vulnerable,16-Jul-00,Yes
Hakea maconochieana,,Vulnerable,16-Jul-00,Yes
Hakea megalosperma,Lesueur Hakea,Vulnerable,16-Jul-00,Yes
Hakea trineura,Three-veined Hakea,Vulnerable,16-Jul-00,Yes
Haloragis exalata subsp. exalata,"Wingless Raspwort, Square Raspwort",Vulnerable,16-Jul-00,No
Haloragis exalata subsp. velutina,Tall Velvet Sea-berry,Vulnerable,16-Jul-00,No
Helichrysum calvertianum,,Vulnerable,25-Sep-20,Yes
Hensmania chapmanii,Chapman's Hensmania,Vulnerable,16-Jul-00,No
Hexaspora pubescens,,Vulnerable,16-Jul-00,No
Hibbertia crispula,Ooldea Guinea-flower,Vulnerable,16-Jul-00,No
Hibbertia humifusa subsp. debilis,Dergholm Guinea-flower,Vulnerable,16-Jul-00,No
Hibbertia humifusa subsp. erigens,Euroa Guinea-flower,Vulnerable,16-Jul-00,No
Hibbertia marginata,Bordered Guinea Flower,Vulnerable,16-Jul-00,Yes
Hibiscus brennanii,a shrub,Vulnerable,18-Aug-06,Yes
Hibiscus cravenii,,Vulnerable,18-Aug-06,No
Hicksbeachia pinnatifolia,"Monkey Nut, Bopple Nut, Red Bopple, Red Bopple Nut, Red Nut, Beef Nut, Red Apple Nut, Red Boppel Nut, Ivory Silky Oak",Vulnerable,16-Jul-00,Yes
Homopholis belsonii,Belson's Panic,Vulnerable,16-Jul-00,Yes
Homoranthus darwinioides,,Vulnerable,16-Jul-00,Yes
Homoranthus floydii,,Vulnerable,7-Sep-23,Yes
Homoranthus lunatus,,Vulnerable,16-Jul-00,Yes
Homoranthus montanus,,Vulnerable,16-Jul-00,Yes
Homoranthus porteri,,Vulnerable,16-Jul-00,Yes
Homoranthus prolixus,,Vulnerable,16-Jul-00,Yes
Hoya australis subsp. oramicola,a vine,Vulnerable,18-Aug-06,No
Hydriastele costata,a palm,Vulnerable,16-Jul-00,No
Hypocalymma longifolium,Long-leaved Myrtle,Vulnerable,26-Feb-13,Yes
Hypolepis dicksonioides,"Downy Ground-fern, Brake Fern, Ground Fern",Vulnerable,25-Nov-03,No
Ileostylus micranthus,Mistletoe,Vulnerable,25-Nov-03,No
Isopogon fletcheri,Fletcher's Drumsticks,Vulnerable,16-Jul-00,Yes
Ixodia achillaeoides subsp. arenicola,"Sand Ixodia, Ixodia",Vulnerable,16-Jul-00,No
Kardomia granitica,a shrub,Vulnerable,16-Jul-00,Yes
Kelleria bogongensis,"Snow Daphne, Kelleria",Vulnerable,16-Jul-00,Yes
Kennedia glabrata,Northcliffe Kennedia,Vulnerable,16-Jul-00,No
Kennedia retrorsa,,Vulnerable,16-Jul-00,No
Kunzea cambagei,,Vulnerable,16-Jul-00,No
Kunzea ericifolia subsp. subulata,,Vulnerable,11-May-18,Yes
Kunzea rupestris,,Vulnerable,16-Jul-00,No
Lasiopetalum joyceae,,Vulnerable,16-Jul-00,No
Lasiopetalum longistamineum,,Vulnerable,16-Jul-00,Yes
Lastreopsis walleri,a fern,Vulnerable,16-Jul-00,Yes
Lawrencia buchananensis,,Vulnerable,16-Jul-00,No
Lechenaultia chlorantha,Kalbarri Leschenaultia,Vulnerable,16-Jul-00,No
Leiocarpa gatesii,Wrinkled Buttons,Vulnerable,16-Jul-00,No
Leionema obtusifolium,,Vulnerable,16-Jul-00,No
Leionema ralstonii,,Vulnerable,16-Jul-00,No
Leionema sympetalum,Rylstone Bell,Vulnerable,16-Jul-00,No
Lepidium aschersonii,Spiny Peppercress,Vulnerable,16-Jul-00,No
Lepidium pseudopapillosum,Erect Pepper-cress,Vulnerable,16-Jul-00,Yes
Leptomeria dielsiana,Diels' Currant Bush,Vulnerable,16-Jul-00,No
Leptospermum deanei = Gaudium deanei,Deane's Tea-tree,Vulnerable,16-Jul-00,Yes
Leucopogon exolasius = Styphelia exolasia,Woronora Beard-heath,Vulnerable,16-Jul-00,Yes
Leucopogon sp. Ongerup (A.S.George 16682) = Styphelia disjuncta,,Vulnerable,15-Feb-18,Yes
Limonium australe var. baudinii,Baudin's Sea-lavender,Vulnerable,13-Apr-05,Yes
Limosella granitica,Granite Mudwort,Vulnerable,16-Jul-00,No
Lindsaea pulchella var. blanda,,Vulnerable,16-Jul-00,No
Livistona lanuginosa,Waxy Cabbage Palm,Vulnerable,16-Jul-00,Yes
Lobelia gelida,,Vulnerable,16-Jul-00,No
Logania diffusa,,Vulnerable,16-Jul-00,No
Logania insularis,Kangaroo Island Logania,Vulnerable,16-Jul-00,No
Macadamia integrifolia,"Macadamia Nut, Queensland Nut Tree, Smooth-shelled Macadamia, Bush Nut, Nut Oak",Vulnerable,16-Jul-00,Yes
Macadamia ternifolia,"Small-fruited Queensland Nut, Gympie Nut",Vulnerable,16-Jul-00,Yes
Macadamia tetraphylla,"Rough-shelled Bush Nut, Macadamia Nut, Rough-shelled Macadamia, Rough-leaved Queensland Nut",Vulnerable,16-Jul-00,Yes
Macropteranthes montana,,Vulnerable,16-Jul-00,No
Macrozamia conferta,,Vulnerable,16-Jul-00,No
Macrozamia macdonnellii,MacDonnell Ranges Cycad,Vulnerable,16-Jul-00,No
Macrozamia machinii,,Vulnerable,16-Jul-00,Yes
Macrozamia occidua,,Vulnerable,16-Jul-00,No
Macrozamia parcifolia,,Vulnerable,16-Jul-00,No
Maireana cheelii,Chariot Wheels,Vulnerable,16-Jul-00,Yes
Marsdenia brevifolia = Leichhardtia brevifolia,,Vulnerable,16-Jul-00,Yes
Marsdenia longiloba = Leichhardtia longiloba,Clear Milkvine,Vulnerable,16-Jul-00,No
Marsdenia paludicola = Leichhardtia paludicola,,Vulnerable,16-Jul-00,Yes
Medicosma elliptica,,Vulnerable,16-Jul-00,No
Medicosma obovata,,Vulnerable,16-Jul-00,Yes
Melaleuca biconvexa,Biconvex Paperbark,Vulnerable,16-Jul-00,Yes
Melaleuca deanei,Deane's Melaleuca,Vulnerable,4-Apr-01,Yes
Melaleuca kunzeoides,,Vulnerable,16-Jul-00,No
Melicope littoralis,Shade Tree,Vulnerable,25-Nov-03,No
Melicytus ramiflorus subsp. oblongifolius,"Whiteywood, a tree",Vulnerable,25-Nov-03,No
Meryta angustifolia,Narrow-leaved Meryta,Vulnerable,25-Nov-03,No
Microcorys eremophiloides,Wongan Microcorys,Vulnerable,16-Jul-00,No
Microlepidium alatum,,Vulnerable,16-Jul-00,Yes
Micromyrtus blakelyi,,Vulnerable,16-Jul-00,No
Micromyrtus minutiflora,,Vulnerable,16-Jul-00,No
Microtis globula,South-Coast Mignonette Orchid,Vulnerable,16-Jul-00,No
Minuria tridens,Minnie Daisy,Vulnerable,16-Jul-00,Yes
Mitrella tiwiensis,a vine,Vulnerable,18-Aug-06,Yes
Myoporum cordifolium,Jerramungup Myoporum,Vulnerable,16-Jul-00,Yes
Myriophyllum coronatum,,Vulnerable,16-Jul-00,Yes
Myriophyllum porcatum,Ridged Water-milfoil,Vulnerable,16-Jul-00,Yes
Myrmecodia beccarii,Ant Plant,Vulnerable,16-Jul-00,Yes
Myrsine ralstoniae,Beech,Vulnerable,25-Nov-03,Yes
Neisosperma kilneri,,Vulnerable,16-Jul-00,No
Nematolepis squamea subsp. coriacea,Harsh Nematolepis,Vulnerable,16-Jul-00,No
Nematolepis wilsonii,Shiny Nematolepis,Vulnerable,16-Jul-00,Yes
Neoastelia spectabilis,,Vulnerable,16-Jul-00,Yes
Neoroepera buxifolia,,Vulnerable,16-Jul-00,No
Newcastelia velutina,,Vulnerable,16-Jul-00,No
Notelaea lloydii,Lloyd's Olive,Vulnerable,16-Jul-00,Yes
Olax angulata,Minnie Waters Olax,Vulnerable,16-Jul-00,No
Olearia astroloba,Marble Daisy-bush,Vulnerable,16-Jul-00,No
Olearia cordata,,Vulnerable,16-Jul-00,No
Olearia macdonnellensis,,Vulnerable,16-Jul-00,No
Olearia pannosa subsp. pannosa,"Silver Daisy-bush, Silver-leaved Daisy, Velvet Daisy-bush",Vulnerable,16-Jul-00,Yes
Omphalea celata,,Vulnerable,16-Jul-00,No
Oreogrammitis reinwardtii,,Vulnerable,16-Jul-00,No
Owenia cepiodora,"Onionwood, Bog Onion, Onion Cedar",Vulnerable,16-Jul-00,No
Ozothamnus eriocephalus,,Vulnerable,16-Jul-00,Yes
Ozothamnus reflexifolius,Reflexed Everlasting,Vulnerable,6-Jul-04,Yes
Ozothamnus tesselatus,,Vulnerable,16-Jul-00,No
Ozothamnus vagans,Wollumbin Dogwood,Vulnerable,16-Jul-00,Yes
Parsonsia larcomensis,Mt Larcom Silk Pod,Vulnerable,16-Jul-00,Yes
Paspalidium grandispiculatum,a grass,Vulnerable,16-Jul-00,Yes
Persicaria elatior,"Knotweed, Tall Knotweed",Vulnerable,16-Jul-00,Yes
Persoonia glaucescens,Mittagong Geebung,Vulnerable,16-Jul-00,Yes
Persoonia marginata,Clandulla Geebung,Vulnerable,16-Jul-00,Yes
Persoonia mollis subsp. revoluta,,Vulnerable,24-Jun-21,Yes
Petrophile nivea,,Vulnerable,11-May-18,Yes
Phaius pictus,,Vulnerable,16-Jul-00,No
Phaleria biflora,,Vulnerable,16-Jul-00,Yes
Phebalium glandulosum subsp. eglandulosum,Rusty Desert Phebalium,Vulnerable,16-Jul-00,Yes
Phebalium lowanense,Lowan Phebalium,Vulnerable,16-Jul-00,Yes
Phebalium whitei,,Vulnerable,16-Jul-00,Yes
Philotheca obovatifolia,Mountain Wax-flower,Vulnerable,7-Sep-23,Yes
Philotheca papillata,,Vulnerable,7-Dec-21,Yes
Phlegmariurus lockyeri,,Vulnerable,16-Jul-00,Yes
Phlegmariurus marsupiiformis = Phlegmariurus delbrueckii,Water Tassel-fern,Vulnerable,16-Jul-00,Yes
Phlegmariurus tetrastichoides,Square Tassel Fern,Vulnerable,16-Jul-00,Yes
Phyllota humifusa,Dwarf Phyllota,Vulnerable,16-Jul-00,No
Picris evae,Hawkweed,Vulnerable,16-Jul-00,No
Pimelea curviflora var. curviflora,,Vulnerable,16-Jul-00,Yes
Pimelea leptospermoides,,Vulnerable,16-Jul-00,Yes
Pimelea pagophila,Grampians Rice-flower,Vulnerable,16-Jul-00,Yes
Pittosporum bracteolatum,Oleander,Vulnerable,25-Nov-03,No
Pityrodia augustensis,Mt Augustus Foxglove,Vulnerable,16-Jul-00,No
Plectranthus gratus = Coleus gratus,,Vulnerable,16-Jul-00,No
Plectranthus leiperi = Coleus leiperi,,Vulnerable,16-Jul-00,No
Pleuropappus phyllocalymmeus = Angianthus phyllocalymmeus,Silver Candles,Vulnerable,16-Jul-00,Yes
Poa sallacustris,Salt-lake Tussock-grass,Vulnerable,16-Jul-00,Yes
Polianthion minutiflorum,,Vulnerable,16-Jul-00,No
Polyscias bellendenkerensis,,Vulnerable,16-Jul-00,No
Pomaderris brunnea,"Rufous Pomaderris, Brown Pomaderris",Vulnerable,16-Jul-00,Yes
Pomaderris clivicola,,Vulnerable,16-Jul-00,Yes
Pomaderris halmaturina subsp. halmaturina,Kangaroo Island Pomaderris,Vulnerable,16-Jul-00,Yes
Pomaderris pallida,Pale Pomaderris,Vulnerable,16-Jul-00,Yes
Pomaderris parrisiae,Parris' Pomaderris,Vulnerable,16-Jul-00,Yes
Pomaderris pilifera subsp. talpicutica,Moleskin Dogwood,Vulnerable,26-Feb-13,Yes
Pomaderris subplicata,Concave Pomaderris,Vulnerable,16-Jul-00,Yes
Poranthera petalifera,Mountain Poranthera,Vulnerable,16-Jul-00,Yes
Prasophyllum colemaniae = Prasophyllum colemaniarum,Lilac Leek-orchid,Vulnerable,16-Jul-00,No
Prasophyllum fuscum,"Tawny Leek-orchid, Slaty Leek-orchid",Vulnerable,16-Jul-00,Yes
Prasophyllum morganii,"Mignonette Leek-orchid, Cobungra Leek-orchid, Dense Leek-orchid",Vulnerable,16-Jul-00,Yes
Prasophyllum pallidum,Pale Leek-orchid,Vulnerable,16-Jul-00,No
Prasophyllum spicatum,Dense Leek-orchid,Vulnerable,16-Jul-00,No
Prasophyllum validum,"Sturdy Leek-orchid, Mount Remarkable Leek-orchid",Vulnerable,16-Jul-00,No
Prasophyllum wallum,Wallum Leek-orchid,Vulnerable,16-Jul-00,Yes
Prostanthera calycina,"West Coast Mintbush, Limestone Mintbush, Red Mintbush",Vulnerable,16-Jul-00,No
Prostanthera cineolifera,,Vulnerable,16-Jul-00,No
Prostanthera cryptandroides subsp. cryptandroides,Wollemi Mint-bush,Vulnerable,16-Jul-00,Yes
Prostanthera densa,Villous Mintbush,Vulnerable,16-Jul-00,No
Prostanthera discolor,,Vulnerable,16-Jul-00,No
Prostanthera galbraithiae,Wellington Mintbush,Vulnerable,16-Jul-00,Yes
Prostanthera nudula,Mount Illbilie Mintbush,Vulnerable,16-Jul-00,No
Prostanthera schultzii,,Vulnerable,16-Jul-00,Yes
Prostanthera sp. Dunmore (D.M.Gordon 8A),,Vulnerable,16-Jul-00,No
Prostanthera spathulata,,Vulnerable,16-Jul-00,Yes
Prostanthera stricta,Mount Vincent Mintbush,Vulnerable,16-Jul-00,No
Pseudocephalozia paludicola,Alpine Leafy Liverwort,Vulnerable,16-Jul-00,Yes
Pterostylis arenicola,Sandhill Greenhood Orchid,Vulnerable,16-Jul-00,Yes
Pterostylis bicornis,,Vulnerable,16-Jul-00,No
Pterostylis cheraphila,Floodplain Rustyhood,Vulnerable,16-Jul-00,No
Pterostylis chlorogramma,Green-striped Greenhood,Vulnerable,16-Jul-00,No
Pterostylis cucullata,Leafy Greenhood,Vulnerable,16-Jul-00,Yes
Pterostylis mirabilis,Nodding Rufoushood,Vulnerable,16-Jul-00,Yes
Pterostylis pratensis,Liawenee Greenhood,Vulnerable,16-Oct-01,Yes
Pterostylis pulchella,Pretty Greenhood,Vulnerable,16-Jul-00,No
Pterostylis tenuissima,"Swamp Greenhood, Dainty Swamp Orchid",Vulnerable,16-Jul-00,No
Pterostylis xerophila,Desert Greenhood,Vulnerable,16-Jul-00,No
Pterostylis ziegeleri,"Grassland Greenhood, Cape Portland Greenhood",Vulnerable,26-Nov-08,Yes
Ptilotus beckerianus,Ironstone Mulla Mulla,Vulnerable,16-Jul-00,Yes
Ptychosema pusillum,Dwarf Pea,Vulnerable,16-Jul-00,No
Pultenaea aristata,,Vulnerable,16-Jul-00,No
Pultenaea glabra,"Smooth Bush-pea, Swamp Bush-pea",Vulnerable,16-Jul-00,Yes
Pultenaea parrisiae,,Vulnerable,16-Jul-00,No
Pultenaea parviflora,,Vulnerable,16-Jul-00,Yes
Pultenaea pauciflora,Narrogin Pea,Vulnerable,16-Jul-00,Yes
Pultenaea setulosa,,Vulnerable,16-Jul-00,Yes
Pultenaea villifera var. glabrescens,"Yellow Bush-pea, Splendid Bush-pea",Vulnerable,16-Jul-00,No
Pultenaea williamsoniana,Williamsons Bush-pea,Vulnerable,16-Jul-00,No
Ranunculus anemoneus,Anemone Buttercup,Vulnerable,16-Jul-00,No
Rhagodia acicularis,Wongan Rhagodia,Vulnerable,16-Jul-00,No
Rhaphidospora bonneyana,,Vulnerable,16-Jul-00,Yes
Rhaponticum australe = Leuzea australis,"Austral Cornflower, Native Thistle",Vulnerable,16-Jul-00,Yes
Rhinerrhizopsis matutina,,Vulnerable,16-Jul-00,No
Ricinocarpos gloria-medii,Glory of the Centre,Vulnerable,16-Jul-00,No
Ristantia gouldii,,Vulnerable,16-Jul-00,No
Romnalda strobilacea,,Vulnerable,16-Jul-00,No
Rutidosis heterogama,Heath Wrinklewort,Vulnerable,16-Jul-00,No
Rutidosis leiolepis,Monaro Golden Daisy,Vulnerable,16-Jul-00,No
Rytidosperma pumilum,Feldmark Grass,Vulnerable,16-Jul-00,No
Samadera bidwillii,Quassia,Vulnerable,16-Jul-00,Yes
Sannantha crenulata,Fern-leaf Baeckea,Vulnerable,16-Jul-00,Yes
Sannantha tozerensis,a shrub,Vulnerable,16-Jul-00,No
Sarcochilus fitzgeraldii,Ravine Orchid,Vulnerable,16-Jul-00,No
Sarcochilus hartmannii,"Waxy Sarcochilus, Blue Knob Orchid",Vulnerable,16-Jul-00,No
Sarcochilus hirticalcar,,Vulnerable,16-Jul-00,No
Sarcochilus weinthalii,"Blotched Sarcochilus, Weinthals Sarcanth",Vulnerable,16-Jul-00,No
Sclerolaena blakei,,Vulnerable,16-Jul-00,No
Sclerolaena walkeri,,Vulnerable,16-Jul-00,No
Selaginella andrewsii,Tallebudgera spikemoss,Vulnerable,23-Feb-13,Yes
Senecio australis,a daisy,Vulnerable,25-Nov-03,No
Senecio hooglandii,a daisy,Vulnerable,25-Nov-03,No
Senecio macrocarpus,"Large-fruit Fireweed, Large-fruit Groundsel",Vulnerable,16-Jul-00,Yes
Senecio megaglossus,Superb Groundsel,Vulnerable,16-Jul-00,Yes
Senecio psilocarpus,"Swamp Fireweed, Smooth-fruited Groundsel",Vulnerable,16-Jul-00,No
Solanum dunalianum,,Vulnerable,16-Jul-00,Yes
Solanum karsense,Menindee Nightshade,Vulnerable,16-Jul-00,Yes
Sophora fraseri,,Vulnerable,16-Jul-00,No
Spyridium coactilifolium,Butterfly Spyridium,Vulnerable,16-Jul-00,Yes
Spyridium eriocephalum var. glabrisepalum = Spyridium glabrisepalum,MacGillivray Spyridium,Vulnerable,16-Jul-00,Yes
Spyridium obcordatum,Creeping Dusty Miller,Vulnerable,16-Jul-00,Yes
Stachystemon nematophorus,Three-flowered Stachystemon,Vulnerable,18-Aug-06,Yes
Stackhousia annua,"Annual Stackhousia, Annual Candles",Vulnerable,16-Jul-00,No
Stenanthemum pimeleoides,"Spreading Stenanthemum, Propellor Plant",Vulnerable,26-Nov-08,Yes
Stylidium galioides,Yellow Mountain Triggerplant,Vulnerable,16-Jul-00,No
Swainsona murrayana,"Slender Darling-pea, Slender Swainson, Murray Swainson-pea",Vulnerable,16-Jul-00,Yes
Swainsona plagiotropis,"Red Darling-pea, Red Swainson-pea",Vulnerable,16-Jul-00,No
Swainsona pyrophila,Yellow Swainson-pea,Vulnerable,16-Jul-00,Yes
Symplocos baeuerlenii,"Small-leaved Hazelwood, Shrubby Hazelwood",Vulnerable,16-Jul-00,Yes
Syzygium hodgkinsoniae,"Smooth-bark Rose Apple, Red Lilly Pilly",Vulnerable,16-Jul-00,Yes
Syzygium moorei,"Rose Apple, Coolamon, Robby, Durobby, Watermelon Tree, Coolamon Rose Apple",Vulnerable,16-Jul-00,No
Syzygium paniculatum,"Magenta Lilly Pilly, Magenta Cherry, Daguba, Scrub Cherry, Creek Lilly Pilly, Brush Cherry",Vulnerable,16-Jul-00,Yes
Syzygium velarum,,Vulnerable,16-Jul-00,No
Taeniophyllum norfolkianum,"Minute Orchid, Ribbon-root Orchid",Vulnerable,25-Nov-03,Yes
Taraxacum cygnorum,"Coast Dandelion, Native Dandelion",Vulnerable,16-Jul-00,No
Tasmannia glaucifolia,Fragrant Pepperbush,Vulnerable,16-Jul-00,No
Tecticornia bulbosa,Large-articled Samphire,Vulnerable,16-Jul-00,Yes
Tecticornia flabelliformis,"Bead Glasswort, Bead Samphire",Vulnerable,16-Jul-00,Yes
Tephrosia leveillei,,Vulnerable,16-Jul-00,Yes
Tetraria australiensis = Morelotia australiensis,Southern Tetraria,Vulnerable,16-Jul-00,Yes
Tetratheca aphylla,Bungalbin Tetratheca,Vulnerable,16-Jul-00,Yes
Tetratheca harperi,Jackson Tetratheca,Vulnerable,16-Jul-00,No
Tetratheca juncea,Black-eyed Susan,Vulnerable,16-Jul-00,Yes
Thelymitra mackibbinii,Brilliant Sun-orchid,Vulnerable,16-Jul-00,Yes
Thelymitra psammophila,Sandplain Sun-orchid,Vulnerable,16-Jul-00,Yes
Thesium australe,"Austral Toadflax, Toadflax",Vulnerable,16-Jul-00,Yes
Thomasia glabripetala,Sandplain Thomasia,Vulnerable,16-Jul-00,No
Thomasia montana,Hill Thomasia,Vulnerable,16-Jul-00,No
Thryptomene wittweri,Mountain Thryptomene,Vulnerable,16-Jul-00,No
Tmesipteris norfolkensis,Hanging Fork-fern,Vulnerable,25-Nov-03,No
Tomophyllum walleri,,Vulnerable,16-Jul-00,No
Tribonanthes purpurea,Granite Pink,Vulnerable,16-Jul-00,No
Trichanthodium baracchianum,Dwarf Yellow-heads,Vulnerable,16-Jul-00,Yes
Triplarina nitchaga,,Vulnerable,16-Jul-00,No
Tropilis callitrophilis = Dendrobium callitrophilum,Thin Feather Orchid,Vulnerable,16-Jul-00,No
Ungeria floribunda,Bastard Oak,Vulnerable,25-Nov-03,No
Vanda hindsii,Cape York Vanda,Vulnerable,16-Jul-00,Yes
Vappodes phalaenopsis,Cooktown Orchid,Vulnerable,16-Jul-00,No
Velleia perfoliata,,Vulnerable,16-Jul-00,No
Veronica ciliolata,Ciliolate Hebe,Vulnerable,26-Nov-08,Yes
Verticordia carinata,Stirling Range Featherflower,Vulnerable,16-Jul-00,No
Verticordia crebra,Crowded Featherflower,Vulnerable,16-Jul-00,No
Verticordia fimbrilepis subsp. australis,Southern Shy Featherflower,Vulnerable,16-Jul-00,No
Verticordia helichrysantha,Coast Featherflower,Vulnerable,16-Jul-00,No
Westringia davidii,,Vulnerable,16-Jul-00,Yes
Westringia parvifolia,,Vulnerable,16-Jul-00,Yes
Westringia rupicola,,Vulnerable,16-Jul-00,No
Xanthorrhoea arenaria,Sand Grasstree,Vulnerable,16-Jul-00,Yes
Xanthostemon oppositifolius,"Penda, Southern Penda, Luya's Hardwood",Vulnerable,16-Jul-00,Yes
Xerochrysum palustre,"Swamp Everlasting, Swamp Paper Daisy",Vulnerable,16-Jul-00,Yes
Xerothamnella parvifolia,,Vulnerable,16-Jul-00,Yes
Zeuxine polygonoides,Velvet Jewel Orchid,Vulnerable,16-Jul-00,Yes
Zieria citriodora,Lemon-scented Zieria,Vulnerable,16-Jul-00,Yes
Zieria collina,,Vulnerable,16-Jul-00,Yes
Zieria involucrata,,Vulnerable,16-Jul-00,Yes
Zieria murphyi,Velvet Zieria,Vulnerable,16-Jul-00,Yes
Zieria obovata,,Vulnerable,16-Jul-00,Yes
Zieria rimulosa,,Vulnerable,16-Jul-00,Yes
Zieria tuberculata,Warty Zieria,Vulnerable,16-Jul-00,Yes
Zieria verrucosa,,Vulnerable,16-Jul-00,Yes